sao:SAOUHSC_00113	path:sao00010
sao:SAOUHSC_00132	path:sao00010
sao:SAOUHSC_00155	path:sao00010
sao:SAOUHSC_00206	path:sao00010
sao:SAOUHSC_00209	path:sao00010
sao:SAOUHSC_00236	path:sao00010
sao:SAOUHSC_00359	path:sao00010
sao:SAOUHSC_00608	path:sao00010
sao:SAOUHSC_00795	path:sao00010
sao:SAOUHSC_00796	path:sao00010
sao:SAOUHSC_00797	path:sao00010
sao:SAOUHSC_00798	path:sao00010
sao:SAOUHSC_00799	path:sao00010
sao:SAOUHSC_00900	path:sao00010
sao:SAOUHSC_01040	path:sao00010
sao:SAOUHSC_01041	path:sao00010
sao:SAOUHSC_01042	path:sao00010
sao:SAOUHSC_01043	path:sao00010
sao:SAOUHSC_01266	path:sao00010
sao:SAOUHSC_01267	path:sao00010
sao:SAOUHSC_01430	path:sao00010
sao:SAOUHSC_01614	path:sao00010
sao:SAOUHSC_01646	path:sao00010
sao:SAOUHSC_01794	path:sao00010
sao:SAOUHSC_01806	path:sao00010
sao:SAOUHSC_01807	path:sao00010
sao:SAOUHSC_01846	path:sao00010
sao:SAOUHSC_01910	path:sao00010
sao:SAOUHSC_02363	path:sao00010
sao:SAOUHSC_02366	path:sao00010
sao:SAOUHSC_02614	path:sao00010
sao:SAOUHSC_02703	path:sao00010
sao:SAOUHSC_02793	path:sao00010
sao:SAOUHSC_02822	path:sao00010
sao:SAOUHSC_02848	path:sao00010
sao:SAOUHSC_02922	path:sao00010
sao:SAOUHSC_02926	path:sao00010
sao:SAOUHSC_02929	path:sao00010
sao:SAOUHSC_01040	path:sao00020
sao:SAOUHSC_01041	path:sao00020
sao:SAOUHSC_01042	path:sao00020
sao:SAOUHSC_01043	path:sao00020
sao:SAOUHSC_01064	path:sao00020
sao:SAOUHSC_01103	path:sao00020
sao:SAOUHSC_01104	path:sao00020
sao:SAOUHSC_01105	path:sao00020
sao:SAOUHSC_01216	path:sao00020
sao:SAOUHSC_01218	path:sao00020
sao:SAOUHSC_01266	path:sao00020
sao:SAOUHSC_01267	path:sao00020
sao:SAOUHSC_01347	path:sao00020
sao:SAOUHSC_01416	path:sao00020
sao:SAOUHSC_01418	path:sao00020
sao:SAOUHSC_01614	path:sao00020
sao:SAOUHSC_01801	path:sao00020
sao:SAOUHSC_01802	path:sao00020
sao:SAOUHSC_01910	path:sao00020
sao:SAOUHSC_01983	path:sao00020
sao:SAOUHSC_02647	path:sao00020
sao:SAOUHSC_02927	path:sao00020
sao:SAOUHSC_00100	path:sao00030
sao:SAOUHSC_00101	path:sao00030
sao:SAOUHSC_00239	path:sao00030
sao:SAOUHSC_00472	path:sao00030
sao:SAOUHSC_00553	path:sao00030
sao:SAOUHSC_00554	path:sao00030
sao:SAOUHSC_00900	path:sao00030
sao:SAOUHSC_01189	path:sao00030
sao:SAOUHSC_01337	path:sao00030
sao:SAOUHSC_01599	path:sao00030
sao:SAOUHSC_01605	path:sao00030
sao:SAOUHSC_01807	path:sao00030
sao:SAOUHSC_01901	path:sao00030
sao:SAOUHSC_02143	path:sao00030
sao:SAOUHSC_02366	path:sao00030
sao:SAOUHSC_02379	path:sao00030
sao:SAOUHSC_02612	path:sao00030
sao:SAOUHSC_02793	path:sao00030
sao:SAOUHSC_02808	path:sao00030
sao:SAOUHSC_02822	path:sao00030
sao:SAOUHSC_02926	path:sao00030
sao:SAOUHSC_00217	path:sao00040
sao:SAOUHSC_00219	path:sao00040
sao:SAOUHSC_00220	path:sao00040
sao:SAOUHSC_00221	path:sao00040
sao:SAOUHSC_00225	path:sao00040
sao:SAOUHSC_00226	path:sao00040
sao:SAOUHSC_00534	path:sao00040
sao:SAOUHSC_01189	path:sao00040
sao:SAOUHSC_02801	path:sao00040
sao:SAOUHSC_00217	path:sao00051
sao:SAOUHSC_00219	path:sao00051
sao:SAOUHSC_00707	path:sao00051
sao:SAOUHSC_00708	path:sao00051
sao:SAOUHSC_00797	path:sao00051
sao:SAOUHSC_01807	path:sao00051
sao:SAOUHSC_02267	path:sao00051
sao:SAOUHSC_02366	path:sao00051
sao:SAOUHSC_02385	path:sao00051
sao:SAOUHSC_02400	path:sao00051
sao:SAOUHSC_02402	path:sao00051
sao:SAOUHSC_02403	path:sao00051
sao:SAOUHSC_02822	path:sao00051
sao:SAOUHSC_02926	path:sao00051
sao:SAOUHSC_02975	path:sao00051
sao:SAOUHSC_02976	path:sao00051
sao:SAOUHSC_00088	path:sao00052
sao:SAOUHSC_00214	path:sao00052
sao:SAOUHSC_00215	path:sao00052
sao:SAOUHSC_00216	path:sao00052
sao:SAOUHSC_01601	path:sao00052
sao:SAOUHSC_01646	path:sao00052
sao:SAOUHSC_01807	path:sao00052
sao:SAOUHSC_02268	path:sao00052
sao:SAOUHSC_02449	path:sao00052
sao:SAOUHSC_02450	path:sao00052
sao:SAOUHSC_02451	path:sao00052
sao:SAOUHSC_02452	path:sao00052
sao:SAOUHSC_02453	path:sao00052
sao:SAOUHSC_02454	path:sao00052
sao:SAOUHSC_02455	path:sao00052
sao:SAOUHSC_02614	path:sao00052
sao:SAOUHSC_02793	path:sao00052
sao:SAOUHSC_02801	path:sao00052
sao:SAOUHSC_00132	path:sao00053
sao:SAOUHSC_00310	path:sao00053
sao:SAOUHSC_00311	path:sao00053
sao:SAOUHSC_00312	path:sao00053
sao:SAOUHSC_02363	path:sao00053
sao:SAOUHSC_00198	path:sao00061
sao:SAOUHSC_00920	path:sao00061
sao:SAOUHSC_00921	path:sao00061
sao:SAOUHSC_00947	path:sao00061
sao:SAOUHSC_01198	path:sao00061
sao:SAOUHSC_01199	path:sao00061
sao:SAOUHSC_01257	path:sao00061
sao:SAOUHSC_01623	path:sao00061
sao:SAOUHSC_01624	path:sao00061
sao:SAOUHSC_01709	path:sao00061
sao:SAOUHSC_01710	path:sao00061
sao:SAOUHSC_01808	path:sao00061
sao:SAOUHSC_01809	path:sao00061
sao:SAOUHSC_02336	path:sao00061
sao:SAOUHSC_00113	path:sao00071
sao:SAOUHSC_00132	path:sao00071
sao:SAOUHSC_00195	path:sao00071
sao:SAOUHSC_00196	path:sao00071
sao:SAOUHSC_00197	path:sao00071
sao:SAOUHSC_00198	path:sao00071
sao:SAOUHSC_00336	path:sao00071
sao:SAOUHSC_00558	path:sao00071
sao:SAOUHSC_00608	path:sao00071
sao:SAOUHSC_02363	path:sao00071
sao:SAOUHSC_01198	path:sao00074
sao:SAOUHSC_02306	path:sao00074
sao:SAOUHSC_00881	path:sao00130
sao:SAOUHSC_00980	path:sao00130
sao:SAOUHSC_00982	path:sao00130
sao:SAOUHSC_00983	path:sao00130
sao:SAOUHSC_00984	path:sao00130
sao:SAOUHSC_00985	path:sao00130
sao:SAOUHSC_01487	path:sao00130
sao:SAOUHSC_01915	path:sao00130
sao:SAOUHSC_01916	path:sao00130
sao:SAOUHSC_00878	path:sao00190
sao:SAOUHSC_00999	path:sao00190
sao:SAOUHSC_01000	path:sao00190
sao:SAOUHSC_01001	path:sao00190
sao:SAOUHSC_01002	path:sao00190
sao:SAOUHSC_01031	path:sao00190
sao:SAOUHSC_01032	path:sao00190
sao:SAOUHSC_01065	path:sao00190
sao:SAOUHSC_01066	path:sao00190
sao:SAOUHSC_01103	path:sao00190
sao:SAOUHSC_01104	path:sao00190
sao:SAOUHSC_01105	path:sao00190
sao:SAOUHSC_02140	path:sao00190
sao:SAOUHSC_02340	path:sao00190
sao:SAOUHSC_02341	path:sao00190
sao:SAOUHSC_02343	path:sao00190
sao:SAOUHSC_02345	path:sao00190
sao:SAOUHSC_02346	path:sao00190
sao:SAOUHSC_02347	path:sao00190
sao:SAOUHSC_02349	path:sao00190
sao:SAOUHSC_02350	path:sao00190
sao:SAOUHSC_00147	path:sao00220
sao:SAOUHSC_00148	path:sao00220
sao:SAOUHSC_00149	path:sao00220
sao:SAOUHSC_00895	path:sao00220
sao:SAOUHSC_00898	path:sao00220
sao:SAOUHSC_00899	path:sao00220
sao:SAOUHSC_01012	path:sao00220
sao:SAOUHSC_01128	path:sao00220
sao:SAOUHSC_01129	path:sao00220
sao:SAOUHSC_01169	path:sao00220
sao:SAOUHSC_01170	path:sao00220
sao:SAOUHSC_01287	path:sao00220
sao:SAOUHSC_02134	path:sao00220
sao:SAOUHSC_02409	path:sao00220
sao:SAOUHSC_02558	path:sao00220
sao:SAOUHSC_02559	path:sao00220
sao:SAOUHSC_02561	path:sao00220
sao:SAOUHSC_02965	path:sao00220
sao:SAOUHSC_02968	path:sao00220
sao:SAOUHSC_02969	path:sao00220
sao:SAOUHSC_00019	path:sao00230
sao:SAOUHSC_00097	path:sao00230
sao:SAOUHSC_00101	path:sao00230
sao:SAOUHSC_00372	path:sao00230
sao:SAOUHSC_00374	path:sao00230
sao:SAOUHSC_00375	path:sao00230
sao:SAOUHSC_00472	path:sao00230
sao:SAOUHSC_00485	path:sao00230
sao:SAOUHSC_00539	path:sao00230
sao:SAOUHSC_00540	path:sao00230
sao:SAOUHSC_00742	path:sao00230
sao:SAOUHSC_00743	path:sao00230
sao:SAOUHSC_00942	path:sao00230
sao:SAOUHSC_01008	path:sao00230
sao:SAOUHSC_01009	path:sao00230
sao:SAOUHSC_01010	path:sao00230
sao:SAOUHSC_01011	path:sao00230
sao:SAOUHSC_01012	path:sao00230
sao:SAOUHSC_01013	path:sao00230
sao:SAOUHSC_01014	path:sao00230
sao:SAOUHSC_01015	path:sao00230
sao:SAOUHSC_01016	path:sao00230
sao:SAOUHSC_01017	path:sao00230
sao:SAOUHSC_01018	path:sao00230
sao:SAOUHSC_01107	path:sao00230
sao:SAOUHSC_01129	path:sao00230
sao:SAOUHSC_01152	path:sao00230
sao:SAOUHSC_01176	path:sao00230
sao:SAOUHSC_01265	path:sao00230
sao:SAOUHSC_01330	path:sao00230
sao:SAOUHSC_01485	path:sao00230
sao:SAOUHSC_01593	path:sao00230
sao:SAOUHSC_01742	path:sao00230
sao:SAOUHSC_01743	path:sao00230
sao:SAOUHSC_02126	path:sao00230
sao:SAOUHSC_02380	path:sao00230
sao:SAOUHSC_02490	path:sao00230
sao:SAOUHSC_02558	path:sao00230
sao:SAOUHSC_02559	path:sao00230
sao:SAOUHSC_02561	path:sao00230
sao:SAOUHSC_02793	path:sao00230
sao:SAOUHSC_02811	path:sao00230
sao:SAOUHSC_02942	path:sao00230
sao:SAOUHSC_02965	path:sao00230
sao:SAOUHSC_00292	path:sao00240
sao:SAOUHSC_00451	path:sao00240
sao:SAOUHSC_00539	path:sao00240
sao:SAOUHSC_00742	path:sao00240
sao:SAOUHSC_00743	path:sao00240
sao:SAOUHSC_01164	path:sao00240
sao:SAOUHSC_01166	path:sao00240
sao:SAOUHSC_01168	path:sao00240
sao:SAOUHSC_01169	path:sao00240
sao:SAOUHSC_01170	path:sao00240
sao:SAOUHSC_01171	path:sao00240
sao:SAOUHSC_01172	path:sao00240
sao:SAOUHSC_01235	path:sao00240
sao:SAOUHSC_01265	path:sao00240
sao:SAOUHSC_01435	path:sao00240
sao:SAOUHSC_01485	path:sao00240
sao:SAOUHSC_01496	path:sao00240
sao:SAOUHSC_01552	path:sao00240
sao:SAOUHSC_01670	path:sao00240
sao:SAOUHSC_01692	path:sao00240
sao:SAOUHSC_01715	path:sao00240
sao:SAOUHSC_02057	path:sao00240
sao:SAOUHSC_02353	path:sao00240
sao:SAOUHSC_02360	path:sao00240
sao:SAOUHSC_02368	path:sao00240
sao:SAOUHSC_02377	path:sao00240
sao:SAOUHSC_02909	path:sao00240
sao:SAOUHSC_02942	path:sao00240
sao:SAOUHSC_00019	path:sao00250
sao:SAOUHSC_00435	path:sao00250
sao:SAOUHSC_00436	path:sao00250
sao:SAOUHSC_00895	path:sao00250
sao:SAOUHSC_00898	path:sao00250
sao:SAOUHSC_00899	path:sao00250
sao:SAOUHSC_01012	path:sao00250
sao:SAOUHSC_01014	path:sao00250
sao:SAOUHSC_01166	path:sao00250
sao:SAOUHSC_01169	path:sao00250
sao:SAOUHSC_01170	path:sao00250
sao:SAOUHSC_01287	path:sao00250
sao:SAOUHSC_01452	path:sao00250
sao:SAOUHSC_01497	path:sao00250
sao:SAOUHSC_01818	path:sao00250
sao:SAOUHSC_02126	path:sao00250
sao:SAOUHSC_02259	path:sao00250
sao:SAOUHSC_02399	path:sao00250
sao:SAOUHSC_02869	path:sao00250
sao:SAOUHSC_02924	path:sao00250
sao:SAOUHSC_00359	path:sao00260
sao:SAOUHSC_00422	path:sao00260
sao:SAOUHSC_00532	path:sao00260
sao:SAOUHSC_00756	path:sao00260
sao:SAOUHSC_00798	path:sao00260
sao:SAOUHSC_00836	path:sao00260
sao:SAOUHSC_01043	path:sao00260
sao:SAOUHSC_01307	path:sao00260
sao:SAOUHSC_01319	path:sao00260
sao:SAOUHSC_01320	path:sao00260
sao:SAOUHSC_01321	path:sao00260
sao:SAOUHSC_01322	path:sao00260
sao:SAOUHSC_01371	path:sao00260
sao:SAOUHSC_01372	path:sao00260
sao:SAOUHSC_01394	path:sao00260
sao:SAOUHSC_01395	path:sao00260
sao:SAOUHSC_01451	path:sao00260
sao:SAOUHSC_01614	path:sao00260
sao:SAOUHSC_01632	path:sao00260
sao:SAOUHSC_01633	path:sao00260
sao:SAOUHSC_01634	path:sao00260
sao:SAOUHSC_01833	path:sao00260
sao:SAOUHSC_02289	path:sao00260
sao:SAOUHSC_02354	path:sao00260
sao:SAOUHSC_02703	path:sao00260
sao:SAOUHSC_02723	path:sao00260
sao:SAOUHSC_02839	path:sao00260
sao:SAOUHSC_02840	path:sao00260
sao:SAOUHSC_02932	path:sao00260
sao:SAOUHSC_02933	path:sao00260
sao:SAOUHSC_01319	path:sao00261
sao:SAOUHSC_01394	path:sao00261
sao:SAOUHSC_01395	path:sao00261
sao:SAOUHSC_01396	path:sao00261
sao:SAOUHSC_01397	path:sao00261
sao:SAOUHSC_00013	path:sao00270
sao:SAOUHSC_00206	path:sao00270
sao:SAOUHSC_00338	path:sao00270
sao:SAOUHSC_00339	path:sao00270
sao:SAOUHSC_00340	path:sao00270
sao:SAOUHSC_00341	path:sao00270
sao:SAOUHSC_00421	path:sao00270
sao:SAOUHSC_00422	path:sao00270
sao:SAOUHSC_00488	path:sao00270
sao:SAOUHSC_00510	path:sao00270
sao:SAOUHSC_00536	path:sao00270
sao:SAOUHSC_01152	path:sao00270
sao:SAOUHSC_01319	path:sao00270
sao:SAOUHSC_01320	path:sao00270
sao:SAOUHSC_01322	path:sao00270
sao:SAOUHSC_01394	path:sao00270
sao:SAOUHSC_01395	path:sao00270
sao:SAOUHSC_01702	path:sao00270
sao:SAOUHSC_01828	path:sao00270
sao:SAOUHSC_01833	path:sao00270
sao:SAOUHSC_01909	path:sao00270
sao:SAOUHSC_02375	path:sao00270
sao:SAOUHSC_02839	path:sao00270
sao:SAOUHSC_02840	path:sao00270
sao:SAOUHSC_02922	path:sao00270
sao:SAOUHSC_00132	path:sao00280
sao:SAOUHSC_00195	path:sao00280
sao:SAOUHSC_00336	path:sao00280
sao:SAOUHSC_00536	path:sao00280
sao:SAOUHSC_00558	path:sao00280
sao:SAOUHSC_01043	path:sao00280
sao:SAOUHSC_01611	path:sao00280
sao:SAOUHSC_01612	path:sao00280
sao:SAOUHSC_01613	path:sao00280
sao:SAOUHSC_01614	path:sao00280
sao:SAOUHSC_02363	path:sao00280
sao:SAOUHSC_02860	path:sao00280
sao:SAOUHSC_00536	path:sao00290
sao:SAOUHSC_00914	path:sao00290
sao:SAOUHSC_01451	path:sao00290
sao:SAOUHSC_02281	path:sao00290
sao:SAOUHSC_02282	path:sao00290
sao:SAOUHSC_02283	path:sao00290
sao:SAOUHSC_02284	path:sao00290
sao:SAOUHSC_02285	path:sao00290
sao:SAOUHSC_02286	path:sao00290
sao:SAOUHSC_02287	path:sao00290
sao:SAOUHSC_02288	path:sao00290
sao:SAOUHSC_02289	path:sao00290
sao:SAOUHSC_02468	path:sao00290
sao:SAOUHSC_00989	path:sao00300
sao:SAOUHSC_01319	path:sao00300
sao:SAOUHSC_01320	path:sao00300
sao:SAOUHSC_01394	path:sao00300
sao:SAOUHSC_01395	path:sao00300
sao:SAOUHSC_01396	path:sao00300
sao:SAOUHSC_01397	path:sao00300
sao:SAOUHSC_01398	path:sao00300
sao:SAOUHSC_01401	path:sao00300
sao:SAOUHSC_01868	path:sao00300
sao:SAOUHSC_02244	path:sao00300
sao:SAOUHSC_02317	path:sao00300
sao:SAOUHSC_00132	path:sao00310
sao:SAOUHSC_00197	path:sao00310
sao:SAOUHSC_00336	path:sao00310
sao:SAOUHSC_00558	path:sao00310
sao:SAOUHSC_01043	path:sao00310
sao:SAOUHSC_01416	path:sao00310
sao:SAOUHSC_01614	path:sao00310
sao:SAOUHSC_01867	path:sao00310
sao:SAOUHSC_02363	path:sao00310
sao:SAOUHSC_00132	path:sao00330
sao:SAOUHSC_00150	path:sao00330
sao:SAOUHSC_00894	path:sao00330
sao:SAOUHSC_01597	path:sao00330
sao:SAOUHSC_01867	path:sao00330
sao:SAOUHSC_01884	path:sao00330
sao:SAOUHSC_02134	path:sao00330
sao:SAOUHSC_02363	path:sao00330
sao:SAOUHSC_02409	path:sao00330
sao:SAOUHSC_02869	path:sao00330
sao:SAOUHSC_00008	path:sao00340
sao:SAOUHSC_00132	path:sao00340
sao:SAOUHSC_00733	path:sao00340
sao:SAOUHSC_02363	path:sao00340
sao:SAOUHSC_02606	path:sao00340
sao:SAOUHSC_02607	path:sao00340
sao:SAOUHSC_02610	path:sao00340
sao:SAOUHSC_03008	path:sao00340
sao:SAOUHSC_03009	path:sao00340
sao:SAOUHSC_03010	path:sao00340
sao:SAOUHSC_03011	path:sao00340
sao:SAOUHSC_03012	path:sao00340
sao:SAOUHSC_03013	path:sao00340
sao:SAOUHSC_03014	path:sao00340
sao:SAOUHSC_00113	path:sao00350
sao:SAOUHSC_00608	path:sao00350
sao:SAOUHSC_00733	path:sao00350
sao:SAOUHSC_03012	path:sao00350
sao:SAOUHSC_00733	path:sao00360
sao:SAOUHSC_01867	path:sao00360
sao:SAOUHSC_03012	path:sao00360
sao:SAOUHSC_00195	path:sao00362
sao:SAOUHSC_00196	path:sao00362
sao:SAOUHSC_00197	path:sao00362
sao:SAOUHSC_00336	path:sao00362
sao:SAOUHSC_00558	path:sao00362
sao:SAOUHSC_01160	path:sao00362
sao:SAOUHSC_01362	path:sao00362
sao:SAOUHSC_02828	path:sao00362
sao:SAOUHSC_00132	path:sao00380
sao:SAOUHSC_00197	path:sao00380
sao:SAOUHSC_00336	path:sao00380
sao:SAOUHSC_00558	path:sao00380
sao:SAOUHSC_01043	path:sao00380
sao:SAOUHSC_01327	path:sao00380
sao:SAOUHSC_01416	path:sao00380
sao:SAOUHSC_01614	path:sao00380
sao:SAOUHSC_02363	path:sao00380
sao:SAOUHSC_00733	path:sao00400
sao:SAOUHSC_00832	path:sao00400
sao:SAOUHSC_01364	path:sao00400
sao:SAOUHSC_01366	path:sao00400
sao:SAOUHSC_01367	path:sao00400
sao:SAOUHSC_01368	path:sao00400
sao:SAOUHSC_01369	path:sao00400
sao:SAOUHSC_01370	path:sao00400
sao:SAOUHSC_01371	path:sao00400
sao:SAOUHSC_01372	path:sao00400
sao:SAOUHSC_01481	path:sao00400
sao:SAOUHSC_01482	path:sao00400
sao:SAOUHSC_01483	path:sao00400
sao:SAOUHSC_01635	path:sao00400
sao:SAOUHSC_01699	path:sao00400
sao:SAOUHSC_01752	path:sao00400
sao:SAOUHSC_01852	path:sao00400
sao:SAOUHSC_02135	path:sao00400
sao:SAOUHSC_03012	path:sao00400
sao:SAOUHSC_00733	path:sao00401
sao:SAOUHSC_01364	path:sao00401
sao:SAOUHSC_03012	path:sao00401
sao:SAOUHSC_00132	path:sao00410
sao:SAOUHSC_02363	path:sao00410
sao:SAOUHSC_02916	path:sao00410
sao:SAOUHSC_02918	path:sao00410
sao:SAOUHSC_02924	path:sao00410
sao:SAOUHSC_00171	path:sao00430
sao:SAOUHSC_00574	path:sao00430
sao:SAOUHSC_00895	path:sao00430
sao:SAOUHSC_01452	path:sao00430
sao:SAOUHSC_01818	path:sao00430
sao:SAOUHSC_01820	path:sao00430
sao:SAOUHSC_00338	path:sao00450
sao:SAOUHSC_00339	path:sao00450
sao:SAOUHSC_00340	path:sao00450
sao:SAOUHSC_00341	path:sao00450
sao:SAOUHSC_00461	path:sao00450
sao:SAOUHSC_00785	path:sao00450
sao:SAOUHSC_00849	path:sao00450
sao:SAOUHSC_00171	path:sao00460
sao:SAOUHSC_01497	path:sao00460
sao:SAOUHSC_02354	path:sao00460
sao:SAOUHSC_00869	path:sao00470
sao:SAOUHSC_00871	path:sao00470
sao:SAOUHSC_01012	path:sao00470
sao:SAOUHSC_01106	path:sao00470
sao:SAOUHSC_01147	path:sao00470
sao:SAOUHSC_01400	path:sao00470
sao:SAOUHSC_01401	path:sao00470
sao:SAOUHSC_01867	path:sao00470
sao:SAOUHSC_02305	path:sao00470
sao:SAOUHSC_02318	path:sao00470
sao:SAOUHSC_02433	path:sao00470
sao:SAOUHSC_02768	path:sao00470
sao:SAOUHSC_02769	path:sao00470
sao:SAOUHSC_02770	path:sao00470
sao:SAOUHSC_00171	path:sao00480
sao:SAOUHSC_00879	path:sao00480
sao:SAOUHSC_01282	path:sao00480
sao:SAOUHSC_01599	path:sao00480
sao:SAOUHSC_01605	path:sao00480
sao:SAOUHSC_01708	path:sao00480
sao:SAOUHSC_01801	path:sao00480
sao:SAOUHSC_02949	path:sao00480
sao:SAOUHSC_00158	path:sao00500
sao:SAOUHSC_00209	path:sao00500
sao:SAOUHSC_00236	path:sao00500
sao:SAOUHSC_00437	path:sao00500
sao:SAOUHSC_00438	path:sao00500
sao:SAOUHSC_00900	path:sao00500
sao:SAOUHSC_01430	path:sao00500
sao:SAOUHSC_01601	path:sao00500
sao:SAOUHSC_01646	path:sao00500
sao:SAOUHSC_02267	path:sao00500
sao:SAOUHSC_02268	path:sao00500
sao:SAOUHSC_02597	path:sao00500
sao:SAOUHSC_02661	path:sao00500
sao:SAOUHSC_02793	path:sao00500
sao:SAOUHSC_02801	path:sao00500
sao:SAOUHSC_00088	path:sao00520
sao:SAOUHSC_00129	path:sao00520
sao:SAOUHSC_00155	path:sao00520
sao:SAOUHSC_00157	path:sao00520
sao:SAOUHSC_00209	path:sao00520
sao:SAOUHSC_00298	path:sao00520
sao:SAOUHSC_00471	path:sao00520
sao:SAOUHSC_00552	path:sao00520
sao:SAOUHSC_00710	path:sao00520
sao:SAOUHSC_00752	path:sao00520
sao:SAOUHSC_00900	path:sao00520
sao:SAOUHSC_01430	path:sao00520
sao:SAOUHSC_01646	path:sao00520
sao:SAOUHSC_01836	path:sao00520
sao:SAOUHSC_02267	path:sao00520
sao:SAOUHSC_02337	path:sao00520
sao:SAOUHSC_02352	path:sao00520
sao:SAOUHSC_02365	path:sao00520
sao:SAOUHSC_02385	path:sao00520
sao:SAOUHSC_02399	path:sao00520
sao:SAOUHSC_02405	path:sao00520
sao:SAOUHSC_02793	path:sao00520
sao:SAOUHSC_02801	path:sao00520
sao:SAOUHSC_02848	path:sao00520
sao:SAOUHSC_02976	path:sao00520
sao:SAOUHSC_01055	path:sao00521
sao:SAOUHSC_01646	path:sao00521
sao:SAOUHSC_02584	path:sao00521
sao:SAOUHSC_02793	path:sao00521
sao:SAOUHSC_00117	path:sao00541
sao:SAOUHSC_00118	path:sao00541
sao:SAOUHSC_00119	path:sao00541
sao:SAOUHSC_00120	path:sao00541
sao:SAOUHSC_00128	path:sao00541
sao:SAOUHSC_00129	path:sao00541
sao:SAOUHSC_00295	path:sao00541
sao:SAOUHSC_00471	path:sao00541
sao:SAOUHSC_02352	path:sao00541
sao:SAOUHSC_02801	path:sao00541
sao:SAOUHSC_00762	path:sao00542
sao:SAOUHSC_00510	path:sao00543
sao:SAOUHSC_00762	path:sao00543
sao:SAOUHSC_03002	path:sao00543
sao:SAOUHSC_03003	path:sao00543
sao:SAOUHSC_00646	path:sao00550
sao:SAOUHSC_00691	path:sao00550
sao:SAOUHSC_00752	path:sao00550
sao:SAOUHSC_00954	path:sao00550
sao:SAOUHSC_01063	path:sao00550
sao:SAOUHSC_01145	path:sao00550
sao:SAOUHSC_01146	path:sao00550
sao:SAOUHSC_01147	path:sao00550
sao:SAOUHSC_01237	path:sao00550
sao:SAOUHSC_01373	path:sao00550
sao:SAOUHSC_01374	path:sao00550
sao:SAOUHSC_01424	path:sao00550
sao:SAOUHSC_01467	path:sao00550
sao:SAOUHSC_01652	path:sao00550
sao:SAOUHSC_01671	path:sao00550
sao:SAOUHSC_01840	path:sao00550
sao:SAOUHSC_01856	path:sao00550
sao:SAOUHSC_02012	path:sao00550
sao:SAOUHSC_02106	path:sao00550
sao:SAOUHSC_02107	path:sao00550
sao:SAOUHSC_02317	path:sao00550
sao:SAOUHSC_02318	path:sao00550
sao:SAOUHSC_02319	path:sao00550
sao:SAOUHSC_02337	path:sao00550
sao:SAOUHSC_02365	path:sao00550
sao:SAOUHSC_02527	path:sao00550
sao:SAOUHSC_00117	path:sao00552
sao:SAOUHSC_00222	path:sao00552
sao:SAOUHSC_00223	path:sao00552
sao:SAOUHSC_00227	path:sao00552
sao:SAOUHSC_00228	path:sao00552
sao:SAOUHSC_00547	path:sao00552
sao:SAOUHSC_00548	path:sao00552
sao:SAOUHSC_00640	path:sao00552
sao:SAOUHSC_00643	path:sao00552
sao:SAOUHSC_00691	path:sao00552
sao:SAOUHSC_00713	path:sao00552
sao:SAOUHSC_00728	path:sao00552
sao:SAOUHSC_00762	path:sao00552
sao:SAOUHSC_00869	path:sao00552
sao:SAOUHSC_00870	path:sao00552
sao:SAOUHSC_00871	path:sao00552
sao:SAOUHSC_00872	path:sao00552
sao:SAOUHSC_00953	path:sao00552
sao:SAOUHSC_00997	path:sao00552
sao:SAOUHSC_01213	path:sao00552
sao:SAOUHSC_01361	path:sao00552
sao:SAOUHSC_02583	path:sao00552
sao:SAOUHSC_00132	path:sao00561
sao:SAOUHSC_00300	path:sao00561
sao:SAOUHSC_00655	path:sao00561
sao:SAOUHSC_00656	path:sao00561
sao:SAOUHSC_00658	path:sao00561
sao:SAOUHSC_00728	path:sao00561
sao:SAOUHSC_00756	path:sao00561
sao:SAOUHSC_00953	path:sao00561
sao:SAOUHSC_01197	path:sao00561
sao:SAOUHSC_01276	path:sao00561
sao:SAOUHSC_01350	path:sao00561
sao:SAOUHSC_01837	path:sao00561
sao:SAOUHSC_02114	path:sao00561
sao:SAOUHSC_02363	path:sao00561
sao:SAOUHSC_02723	path:sao00561
sao:SAOUHSC_03006	path:sao00561
sao:SAOUHSC_00051	path:sao00562
sao:SAOUHSC_00797	path:sao00562
sao:SAOUHSC_01055	path:sao00562
sao:SAOUHSC_02584	path:sao00562
sao:SAOUHSC_00190	path:sao00564
sao:SAOUHSC_00645	path:sao00564
sao:SAOUHSC_00783	path:sao00564
sao:SAOUHSC_00897	path:sao00564
sao:SAOUHSC_01071	path:sao00564
sao:SAOUHSC_01238	path:sao00564
sao:SAOUHSC_01260	path:sao00564
sao:SAOUHSC_01278	path:sao00564
sao:SAOUHSC_01310	path:sao00564
sao:SAOUHSC_01350	path:sao00564
sao:SAOUHSC_01491	path:sao00564
sao:SAOUHSC_01830	path:sao00564
sao:SAOUHSC_01837	path:sao00564
sao:SAOUHSC_01882	path:sao00564
sao:SAOUHSC_02114	path:sao00564
sao:SAOUHSC_02124	path:sao00564
sao:SAOUHSC_02323	path:sao00564
sao:SAOUHSC_00195	path:sao00592
sao:SAOUHSC_00113	path:sao00620
sao:SAOUHSC_00132	path:sao00620
sao:SAOUHSC_00187	path:sao00620
sao:SAOUHSC_00199	path:sao00620
sao:SAOUHSC_00206	path:sao00620
sao:SAOUHSC_00336	path:sao00620
sao:SAOUHSC_00533	path:sao00620
sao:SAOUHSC_00558	path:sao00620
sao:SAOUHSC_00574	path:sao00620
sao:SAOUHSC_00608	path:sao00620
sao:SAOUHSC_00914	path:sao00620
sao:SAOUHSC_01040	path:sao00620
sao:SAOUHSC_01041	path:sao00620
sao:SAOUHSC_01042	path:sao00620
sao:SAOUHSC_01043	path:sao00620
sao:SAOUHSC_01064	path:sao00620
sao:SAOUHSC_01266	path:sao00620
sao:SAOUHSC_01267	path:sao00620
sao:SAOUHSC_01406	path:sao00620
sao:SAOUHSC_01614	path:sao00620
sao:SAOUHSC_01623	path:sao00620
sao:SAOUHSC_01624	path:sao00620
sao:SAOUHSC_01644	path:sao00620
sao:SAOUHSC_01709	path:sao00620
sao:SAOUHSC_01710	path:sao00620
sao:SAOUHSC_01806	path:sao00620
sao:SAOUHSC_01808	path:sao00620
sao:SAOUHSC_01809	path:sao00620
sao:SAOUHSC_01810	path:sao00620
sao:SAOUHSC_01820	path:sao00620
sao:SAOUHSC_01846	path:sao00620
sao:SAOUHSC_01910	path:sao00620
sao:SAOUHSC_01983	path:sao00620
sao:SAOUHSC_02285	path:sao00620
sao:SAOUHSC_02363	path:sao00620
sao:SAOUHSC_02647	path:sao00620
sao:SAOUHSC_02830	path:sao00620
sao:SAOUHSC_02849	path:sao00620
sao:SAOUHSC_02875	path:sao00620
sao:SAOUHSC_02922	path:sao00620
sao:SAOUHSC_02927	path:sao00620
sao:SAOUHSC_02929	path:sao00620
sao:SAOUHSC_01160	path:sao00622
sao:SAOUHSC_01362	path:sao00622
sao:SAOUHSC_02828	path:sao00622
sao:SAOUHSC_00113	path:sao00625
sao:SAOUHSC_00132	path:sao00625
sao:SAOUHSC_00608	path:sao00625
sao:SAOUHSC_02363	path:sao00625
sao:SAOUHSC_00113	path:sao00626
sao:SAOUHSC_00608	path:sao00626
sao:SAOUHSC_00142	path:sao00630
sao:SAOUHSC_00336	path:sao00630
sao:SAOUHSC_00538	path:sao00630
sao:SAOUHSC_00555	path:sao00630
sao:SAOUHSC_00558	path:sao00630
sao:SAOUHSC_00756	path:sao00630
sao:SAOUHSC_00836	path:sao00630
sao:SAOUHSC_00866	path:sao00630
sao:SAOUHSC_01043	path:sao00630
sao:SAOUHSC_01287	path:sao00630
sao:SAOUHSC_01327	path:sao00630
sao:SAOUHSC_01347	path:sao00630
sao:SAOUHSC_01614	path:sao00630
sao:SAOUHSC_01632	path:sao00630
sao:SAOUHSC_01633	path:sao00630
sao:SAOUHSC_01634	path:sao00630
sao:SAOUHSC_01802	path:sao00630
sao:SAOUHSC_01846	path:sao00630
sao:SAOUHSC_02354	path:sao00630
sao:SAOUHSC_02582	path:sao00630
sao:SAOUHSC_02723	path:sao00630
sao:SAOUHSC_02929	path:sao00630
sao:SAOUHSC_00187	path:sao00640
sao:SAOUHSC_00199	path:sao00640
sao:SAOUHSC_00206	path:sao00640
sao:SAOUHSC_00574	path:sao00640
sao:SAOUHSC_01043	path:sao00640
sao:SAOUHSC_01216	path:sao00640
sao:SAOUHSC_01218	path:sao00640
sao:SAOUHSC_01347	path:sao00640
sao:SAOUHSC_01611	path:sao00640
sao:SAOUHSC_01612	path:sao00640
sao:SAOUHSC_01613	path:sao00640
sao:SAOUHSC_01614	path:sao00640
sao:SAOUHSC_01623	path:sao00640
sao:SAOUHSC_01624	path:sao00640
sao:SAOUHSC_01709	path:sao00640
sao:SAOUHSC_01710	path:sao00640
sao:SAOUHSC_01802	path:sao00640
sao:SAOUHSC_01808	path:sao00640
sao:SAOUHSC_01809	path:sao00640
sao:SAOUHSC_01820	path:sao00640
sao:SAOUHSC_01846	path:sao00640
sao:SAOUHSC_02652	path:sao00640
sao:SAOUHSC_02922	path:sao00640
sao:SAOUHSC_02924	path:sao00640
sao:SAOUHSC_02929	path:sao00640
sao:SAOUHSC_00199	path:sao00643
sao:SAOUHSC_01160	path:sao00643
sao:SAOUHSC_02828	path:sao00643
sao:SAOUHSC_00086	path:sao00650
sao:SAOUHSC_00113	path:sao00650
sao:SAOUHSC_00187	path:sao00650
sao:SAOUHSC_00196	path:sao00650
sao:SAOUHSC_00336	path:sao00650
sao:SAOUHSC_00558	path:sao00650
sao:SAOUHSC_01103	path:sao00650
sao:SAOUHSC_01104	path:sao00650
sao:SAOUHSC_01105	path:sao00650
sao:SAOUHSC_01266	path:sao00650
sao:SAOUHSC_01267	path:sao00650
sao:SAOUHSC_02282	path:sao00650
sao:SAOUHSC_02283	path:sao00650
sao:SAOUHSC_02467	path:sao00650
sao:SAOUHSC_02468	path:sao00650
sao:SAOUHSC_02860	path:sao00650
sao:SAOUHSC_02921	path:sao00650
sao:SAOUHSC_02924	path:sao00650
sao:SAOUHSC_01216	path:sao00660
sao:SAOUHSC_01218	path:sao00660
sao:SAOUHSC_02282	path:sao00660
sao:SAOUHSC_02283	path:sao00660
sao:SAOUHSC_02286	path:sao00660
sao:SAOUHSC_02287	path:sao00660
sao:SAOUHSC_02288	path:sao00660
sao:SAOUHSC_02467	path:sao00660
sao:SAOUHSC_02468	path:sao00660
sao:SAOUHSC_02921	path:sao00660
sao:SAOUHSC_00339	path:sao00670
sao:SAOUHSC_00422	path:sao00670
sao:SAOUHSC_00836	path:sao00670
sao:SAOUHSC_01007	path:sao00670
sao:SAOUHSC_01016	path:sao00670
sao:SAOUHSC_01017	path:sao00670
sao:SAOUHSC_01043	path:sao00670
sao:SAOUHSC_01434	path:sao00670
sao:SAOUHSC_01435	path:sao00670
sao:SAOUHSC_01614	path:sao00670
sao:SAOUHSC_01632	path:sao00670
sao:SAOUHSC_01633	path:sao00670
sao:SAOUHSC_01634	path:sao00670
sao:SAOUHSC_01650	path:sao00670
sao:SAOUHSC_01845	path:sao00670
sao:SAOUHSC_01909	path:sao00670
sao:SAOUHSC_02354	path:sao00670
sao:SAOUHSC_02932	path:sao00670
sao:SAOUHSC_02933	path:sao00670
sao:SAOUHSC_00142	path:sao00680
sao:SAOUHSC_00359	path:sao00680
sao:SAOUHSC_00553	path:sao00680
sao:SAOUHSC_00554	path:sao00680
sao:SAOUHSC_00574	path:sao00680
sao:SAOUHSC_00798	path:sao00680
sao:SAOUHSC_00799	path:sao00680
sao:SAOUHSC_01807	path:sao00680
sao:SAOUHSC_01820	path:sao00680
sao:SAOUHSC_01833	path:sao00680
sao:SAOUHSC_01846	path:sao00680
sao:SAOUHSC_02354	path:sao00680
sao:SAOUHSC_02366	path:sao00680
sao:SAOUHSC_02582	path:sao00680
sao:SAOUHSC_02703	path:sao00680
sao:SAOUHSC_02822	path:sao00680
sao:SAOUHSC_02926	path:sao00680
sao:SAOUHSC_02929	path:sao00680
sao:SAOUHSC_00795	path:sao00710
sao:SAOUHSC_00796	path:sao00710
sao:SAOUHSC_00797	path:sao00710
sao:SAOUHSC_01189	path:sao00710
sao:SAOUHSC_01337	path:sao00710
sao:SAOUHSC_01794	path:sao00710
sao:SAOUHSC_01901	path:sao00710
sao:SAOUHSC_01910	path:sao00710
sao:SAOUHSC_02366	path:sao00710
sao:SAOUHSC_02612	path:sao00710
sao:SAOUHSC_02822	path:sao00710
sao:SAOUHSC_02926	path:sao00710
sao:SAOUHSC_00336	path:sao00720
sao:SAOUHSC_00558	path:sao00720
sao:SAOUHSC_00574	path:sao00720
sao:SAOUHSC_01007	path:sao00720
sao:SAOUHSC_01064	path:sao00720
sao:SAOUHSC_01103	path:sao00720
sao:SAOUHSC_01104	path:sao00720
sao:SAOUHSC_01105	path:sao00720
sao:SAOUHSC_01216	path:sao00720
sao:SAOUHSC_01218	path:sao00720
sao:SAOUHSC_01266	path:sao00720
sao:SAOUHSC_01267	path:sao00720
sao:SAOUHSC_01347	path:sao00720
sao:SAOUHSC_01623	path:sao00720
sao:SAOUHSC_01624	path:sao00720
sao:SAOUHSC_01709	path:sao00720
sao:SAOUHSC_01710	path:sao00720
sao:SAOUHSC_01801	path:sao00720
sao:SAOUHSC_01808	path:sao00720
sao:SAOUHSC_01809	path:sao00720
sao:SAOUHSC_01820	path:sao00720
sao:SAOUHSC_01845	path:sao00720
sao:SAOUHSC_01846	path:sao00720
sao:SAOUHSC_01983	path:sao00720
sao:SAOUHSC_02929	path:sao00720
sao:SAOUHSC_01188	path:sao00730
sao:SAOUHSC_01190	path:sao00730
sao:SAOUHSC_01727	path:sao00730
sao:SAOUHSC_01824	path:sao00730
sao:SAOUHSC_01825	path:sao00730
sao:SAOUHSC_02328	path:sao00730
sao:SAOUHSC_02329	path:sao00730
sao:SAOUHSC_02330	path:sao00730
sao:SAOUHSC_02331	path:sao00730
sao:SAOUHSC_02490	path:sao00730
sao:SAOUHSC_02958	path:sao00730
sao:SAOUHSC_00320	path:sao00740
sao:SAOUHSC_00366	path:sao00740
sao:SAOUHSC_00909	path:sao00740
sao:SAOUHSC_01249	path:sao00740
sao:SAOUHSC_01593	path:sao00740
sao:SAOUHSC_01886	path:sao00740
sao:SAOUHSC_01887	path:sao00740
sao:SAOUHSC_01888	path:sao00740
sao:SAOUHSC_01889	path:sao00740
sao:SAOUHSC_02329	path:sao00740
sao:SAOUHSC_00499	path:sao00750
sao:SAOUHSC_00500	path:sao00750
sao:SAOUHSC_00562	path:sao00750
sao:SAOUHSC_01321	path:sao00750
sao:SAOUHSC_00097	path:sao00760
sao:SAOUHSC_00943	path:sao00760
sao:SAOUHSC_01697	path:sao00760
sao:SAOUHSC_02132	path:sao00760
sao:SAOUHSC_02133	path:sao00760
sao:SAOUHSC_02380	path:sao00760
sao:SAOUHSC_02457	path:sao00760
sao:SAOUHSC_00132	path:sao00770
sao:SAOUHSC_00536	path:sao00770
sao:SAOUHSC_01075	path:sao00770
sao:SAOUHSC_01178	path:sao00770
sao:SAOUHSC_01795	path:sao00770
sao:SAOUHSC_02281	path:sao00770
sao:SAOUHSC_02282	path:sao00770
sao:SAOUHSC_02283	path:sao00770
sao:SAOUHSC_02284	path:sao00770
sao:SAOUHSC_02306	path:sao00770
sao:SAOUHSC_02363	path:sao00770
sao:SAOUHSC_02371	path:sao00770
sao:SAOUHSC_02468	path:sao00770
sao:SAOUHSC_02739	path:sao00770
sao:SAOUHSC_02916	path:sao00770
sao:SAOUHSC_02918	path:sao00770
sao:SAOUHSC_02919	path:sao00770
sao:SAOUHSC_02920	path:sao00770
sao:SAOUHSC_00921	path:sao00780
sao:SAOUHSC_00947	path:sao00780
sao:SAOUHSC_01199	path:sao00780
sao:SAOUHSC_01257	path:sao00780
sao:SAOUHSC_01473	path:sao00780
sao:SAOUHSC_02336	path:sao00780
sao:SAOUHSC_02712	path:sao00780
sao:SAOUHSC_02713	path:sao00780
sao:SAOUHSC_02714	path:sao00780
sao:SAOUHSC_02715	path:sao00780
sao:SAOUHSC_02716	path:sao00780
sao:SAOUHSC_00308	path:sao00785
sao:SAOUHSC_00575	path:sao00785
sao:SAOUHSC_00836	path:sao00785
sao:SAOUHSC_00861	path:sao00785
sao:SAOUHSC_00963	path:sao00785
sao:SAOUHSC_01040	path:sao00785
sao:SAOUHSC_01041	path:sao00785
sao:SAOUHSC_01042	path:sao00785
sao:SAOUHSC_01043	path:sao00785
sao:SAOUHSC_01416	path:sao00785
sao:SAOUHSC_01418	path:sao00785
sao:SAOUHSC_01611	path:sao00785
sao:SAOUHSC_01612	path:sao00785
sao:SAOUHSC_01613	path:sao00785
sao:SAOUHSC_01614	path:sao00785
sao:SAOUHSC_01629	path:sao00785
sao:SAOUHSC_01632	path:sao00785
sao:SAOUHSC_01633	path:sao00785
sao:SAOUHSC_01634	path:sao00785
sao:SAOUHSC_00489	path:sao00790
sao:SAOUHSC_00490	path:sao00790
sao:SAOUHSC_00491	path:sao00790
sao:SAOUHSC_00549	path:sao00790
sao:SAOUHSC_00719	path:sao00790
sao:SAOUHSC_00720	path:sao00790
sao:SAOUHSC_00721	path:sao00790
sao:SAOUHSC_00722	path:sao00790
sao:SAOUHSC_00723	path:sao00790
sao:SAOUHSC_00724	path:sao00790
sao:SAOUHSC_00739	path:sao00790
sao:SAOUHSC_01434	path:sao00790
sao:SAOUHSC_01766	path:sao00790
sao:SAOUHSC_01887	path:sao00790
sao:SAOUHSC_02536	path:sao00790
sao:SAOUHSC_02537	path:sao00790
sao:SAOUHSC_02540	path:sao00790
sao:SAOUHSC_02542	path:sao00790
sao:SAOUHSC_02543	path:sao00790
sao:SAOUHSC_02544	path:sao00790
sao:SAOUHSC_02958	path:sao00790
sao:SAOUHSC_00130	path:sao00860
sao:SAOUHSC_00573	path:sao00860
sao:SAOUHSC_01065	path:sao00860
sao:SAOUHSC_01066	path:sao00860
sao:SAOUHSC_01089	path:sao00860
sao:SAOUHSC_01771	path:sao00860
sao:SAOUHSC_01772	path:sao00860
sao:SAOUHSC_01773	path:sao00860
sao:SAOUHSC_01774	path:sao00860
sao:SAOUHSC_01776	path:sao00860
sao:SAOUHSC_01960	path:sao00860
sao:SAOUHSC_01961	path:sao00860
sao:SAOUHSC_01962	path:sao00860
sao:SAOUHSC_02000	path:sao00860
sao:SAOUHSC_02682	path:sao00860
sao:SAOUHSC_02945	path:sao00860
sao:SAOUHSC_00336	path:sao00900
sao:SAOUHSC_00466	path:sao00900
sao:SAOUHSC_00558	path:sao00900
sao:SAOUHSC_00577	path:sao00900
sao:SAOUHSC_00578	path:sao00900
sao:SAOUHSC_00579	path:sao00900
sao:SAOUHSC_01237	path:sao00900
sao:SAOUHSC_01486	path:sao00900
sao:SAOUHSC_01488	path:sao00900
sao:SAOUHSC_01618	path:sao00900
sao:SAOUHSC_02623	path:sao00900
sao:SAOUHSC_02859	path:sao00900
sao:SAOUHSC_02860	path:sao00900
sao:SAOUHSC_02142	path:sao00906
sao:SAOUHSC_02877	path:sao00906
sao:SAOUHSC_02879	path:sao00906
sao:SAOUHSC_02880	path:sao00906
sao:SAOUHSC_02881	path:sao00906
sao:SAOUHSC_02882	path:sao00906
sao:SAOUHSC_00195	path:sao00907
sao:SAOUHSC_00435	path:sao00910
sao:SAOUHSC_00436	path:sao00910
sao:SAOUHSC_00855	path:sao00910
sao:SAOUHSC_00895	path:sao00910
sao:SAOUHSC_01129	path:sao00910
sao:SAOUHSC_01287	path:sao00910
sao:SAOUHSC_02678	path:sao00910
sao:SAOUHSC_02680	path:sao00910
sao:SAOUHSC_02681	path:sao00910
sao:SAOUHSC_02683	path:sao00910
sao:SAOUHSC_02684	path:sao00910
sao:SAOUHSC_02965	path:sao00910
sao:SAOUHSC_00013	path:sao00920
sao:SAOUHSC_00037	path:sao00920
sao:SAOUHSC_00320	path:sao00920
sao:SAOUHSC_00341	path:sao00920
sao:SAOUHSC_00422	path:sao00920
sao:SAOUHSC_00488	path:sao00920
sao:SAOUHSC_00510	path:sao00920
sao:SAOUHSC_00716	path:sao00920
sao:SAOUHSC_01812	path:sao00920
sao:SAOUHSC_02947	path:sao00920
sao:SAOUHSC_00009	path:sao00970
sao:SAOUHSC_00461	path:sao00970
sao:SAOUHSC_00493	path:sao00970
sao:SAOUHSC_00509	path:sao00970
sao:SAOUHSC_00511	path:sao00970
sao:SAOUHSC_00611	path:sao00970
sao:SAOUHSC_00933	path:sao00970
sao:SAOUHSC_01092	path:sao00970
sao:SAOUHSC_01093	path:sao00970
sao:SAOUHSC_01159	path:sao00970
sao:SAOUHSC_01183	path:sao00970
sao:SAOUHSC_01240	path:sao00970
sao:SAOUHSC_01471	path:sao00970
sao:SAOUHSC_01666	path:sao00970
sao:SAOUHSC_01722	path:sao00970
sao:SAOUHSC_01737	path:sao00970
sao:SAOUHSC_01738	path:sao00970
sao:SAOUHSC_01767	path:sao00970
sao:SAOUHSC_01788	path:sao00970
sao:SAOUHSC_01839	path:sao00970
sao:SAOUHSC_01875	path:sao00970
sao:SAOUHSC_02116	path:sao00970
sao:SAOUHSC_02117	path:sao00970
sao:SAOUHSC_02118	path:sao00970
sao:SAOUHSC_T0001	path:sao00970
sao:SAOUHSC_T00010	path:sao00970
sao:SAOUHSC_T00011	path:sao00970
sao:SAOUHSC_T00012	path:sao00970
sao:SAOUHSC_T00013	path:sao00970
sao:SAOUHSC_T00014	path:sao00970
sao:SAOUHSC_T00015	path:sao00970
sao:SAOUHSC_T00016	path:sao00970
sao:SAOUHSC_T00017	path:sao00970
sao:SAOUHSC_T00018	path:sao00970
sao:SAOUHSC_T00019	path:sao00970
sao:SAOUHSC_T0002	path:sao00970
sao:SAOUHSC_T00020	path:sao00970
sao:SAOUHSC_T00021	path:sao00970
sao:SAOUHSC_T00022	path:sao00970
sao:SAOUHSC_T00023	path:sao00970
sao:SAOUHSC_T00024	path:sao00970
sao:SAOUHSC_T00025	path:sao00970
sao:SAOUHSC_T00026	path:sao00970
sao:SAOUHSC_T00027	path:sao00970
sao:SAOUHSC_T00028	path:sao00970
sao:SAOUHSC_T00029	path:sao00970
sao:SAOUHSC_T0003	path:sao00970
sao:SAOUHSC_T00030	path:sao00970
sao:SAOUHSC_T00031	path:sao00970
sao:SAOUHSC_T00032	path:sao00970
sao:SAOUHSC_T00033	path:sao00970
sao:SAOUHSC_T00034	path:sao00970
sao:SAOUHSC_T00035	path:sao00970
sao:SAOUHSC_T00036	path:sao00970
sao:SAOUHSC_T00037	path:sao00970
sao:SAOUHSC_T00038	path:sao00970
sao:SAOUHSC_T00039	path:sao00970
sao:SAOUHSC_T0004	path:sao00970
sao:SAOUHSC_T00040	path:sao00970
sao:SAOUHSC_T00041	path:sao00970
sao:SAOUHSC_T00042	path:sao00970
sao:SAOUHSC_T00043	path:sao00970
sao:SAOUHSC_T00044	path:sao00970
sao:SAOUHSC_T00045	path:sao00970
sao:SAOUHSC_T00046	path:sao00970
sao:SAOUHSC_T00047	path:sao00970
sao:SAOUHSC_T00048	path:sao00970
sao:SAOUHSC_T00049	path:sao00970
sao:SAOUHSC_T0005	path:sao00970
sao:SAOUHSC_T00050	path:sao00970
sao:SAOUHSC_T00051	path:sao00970
sao:SAOUHSC_T00052	path:sao00970
sao:SAOUHSC_T00053	path:sao00970
sao:SAOUHSC_T00054	path:sao00970
sao:SAOUHSC_T00055	path:sao00970
sao:SAOUHSC_T00056	path:sao00970
sao:SAOUHSC_T00057	path:sao00970
sao:SAOUHSC_T00058	path:sao00970
sao:SAOUHSC_T00059	path:sao00970
sao:SAOUHSC_T0006	path:sao00970
sao:SAOUHSC_T00060	path:sao00970
sao:SAOUHSC_T00061	path:sao00970
sao:SAOUHSC_T0007	path:sao00970
sao:SAOUHSC_T0008	path:sao00970
sao:SAOUHSC_T0009	path:sao00970
sao:SAOUHSC_00195	path:sao00984
sao:SAOUHSC_00075	path:sao00997
sao:SAOUHSC_00076	path:sao00997
sao:SAOUHSC_00077	path:sao00997
sao:SAOUHSC_00079	path:sao00997
sao:SAOUHSC_00080	path:sao00997
sao:SAOUHSC_00082	path:sao00997
sao:SAOUHSC_00083	path:sao00997
sao:SAOUHSC_02433	path:sao00997
sao:SAOUHSC_02434	path:sao00997
sao:SAOUHSC_02436	path:sao00997
sao:SAOUHSC_00075	path:sao00998
sao:SAOUHSC_00076	path:sao00998
sao:SAOUHSC_01201	path:sao00998
sao:SAOUHSC_01699	path:sao00999
sao:SAOUHSC_01909	path:sao00999
sao:SAOUHSC_00008	path:sao01100
sao:SAOUHSC_00013	path:sao01100
sao:SAOUHSC_00019	path:sao01100
sao:SAOUHSC_00051	path:sao01100
sao:SAOUHSC_00075	path:sao01100
sao:SAOUHSC_00076	path:sao01100
sao:SAOUHSC_00077	path:sao01100
sao:SAOUHSC_00079	path:sao01100
sao:SAOUHSC_00080	path:sao01100
sao:SAOUHSC_00082	path:sao01100
sao:SAOUHSC_00083	path:sao01100
sao:SAOUHSC_00088	path:sao01100
sao:SAOUHSC_00097	path:sao01100
sao:SAOUHSC_00100	path:sao01100
sao:SAOUHSC_00101	path:sao01100
sao:SAOUHSC_00113	path:sao01100
sao:SAOUHSC_00117	path:sao01100
sao:SAOUHSC_00118	path:sao01100
sao:SAOUHSC_00119	path:sao01100
sao:SAOUHSC_00120	path:sao01100
sao:SAOUHSC_00128	path:sao01100
sao:SAOUHSC_00129	path:sao01100
sao:SAOUHSC_00132	path:sao01100
sao:SAOUHSC_00142	path:sao01100
sao:SAOUHSC_00147	path:sao01100
sao:SAOUHSC_00148	path:sao01100
sao:SAOUHSC_00149	path:sao01100
sao:SAOUHSC_00150	path:sao01100
sao:SAOUHSC_00155	path:sao01100
sao:SAOUHSC_00157	path:sao01100
sao:SAOUHSC_00171	path:sao01100
sao:SAOUHSC_00187	path:sao01100
sao:SAOUHSC_00195	path:sao01100
sao:SAOUHSC_00196	path:sao01100
sao:SAOUHSC_00197	path:sao01100
sao:SAOUHSC_00198	path:sao01100
sao:SAOUHSC_00199	path:sao01100
sao:SAOUHSC_00206	path:sao01100
sao:SAOUHSC_00209	path:sao01100
sao:SAOUHSC_00214	path:sao01100
sao:SAOUHSC_00215	path:sao01100
sao:SAOUHSC_00216	path:sao01100
sao:SAOUHSC_00217	path:sao01100
sao:SAOUHSC_00219	path:sao01100
sao:SAOUHSC_00220	path:sao01100
sao:SAOUHSC_00221	path:sao01100
sao:SAOUHSC_00225	path:sao01100
sao:SAOUHSC_00226	path:sao01100
sao:SAOUHSC_00239	path:sao01100
sao:SAOUHSC_00292	path:sao01100
sao:SAOUHSC_00295	path:sao01100
sao:SAOUHSC_00298	path:sao01100
sao:SAOUHSC_00300	path:sao01100
sao:SAOUHSC_00308	path:sao01100
sao:SAOUHSC_00310	path:sao01100
sao:SAOUHSC_00311	path:sao01100
sao:SAOUHSC_00312	path:sao01100
sao:SAOUHSC_00320	path:sao01100
sao:SAOUHSC_00336	path:sao01100
sao:SAOUHSC_00338	path:sao01100
sao:SAOUHSC_00339	path:sao01100
sao:SAOUHSC_00340	path:sao01100
sao:SAOUHSC_00341	path:sao01100
sao:SAOUHSC_00359	path:sao01100
sao:SAOUHSC_00366	path:sao01100
sao:SAOUHSC_00372	path:sao01100
sao:SAOUHSC_00374	path:sao01100
sao:SAOUHSC_00375	path:sao01100
sao:SAOUHSC_00421	path:sao01100
sao:SAOUHSC_00422	path:sao01100
sao:SAOUHSC_00435	path:sao01100
sao:SAOUHSC_00436	path:sao01100
sao:SAOUHSC_00438	path:sao01100
sao:SAOUHSC_00451	path:sao01100
sao:SAOUHSC_00461	path:sao01100
sao:SAOUHSC_00466	path:sao01100
sao:SAOUHSC_00471	path:sao01100
sao:SAOUHSC_00472	path:sao01100
sao:SAOUHSC_00485	path:sao01100
sao:SAOUHSC_00488	path:sao01100
sao:SAOUHSC_00489	path:sao01100
sao:SAOUHSC_00490	path:sao01100
sao:SAOUHSC_00491	path:sao01100
sao:SAOUHSC_00499	path:sao01100
sao:SAOUHSC_00500	path:sao01100
sao:SAOUHSC_00509	path:sao01100
sao:SAOUHSC_00510	path:sao01100
sao:SAOUHSC_00532	path:sao01100
sao:SAOUHSC_00533	path:sao01100
sao:SAOUHSC_00534	path:sao01100
sao:SAOUHSC_00536	path:sao01100
sao:SAOUHSC_00538	path:sao01100
sao:SAOUHSC_00539	path:sao01100
sao:SAOUHSC_00540	path:sao01100
sao:SAOUHSC_00549	path:sao01100
sao:SAOUHSC_00552	path:sao01100
sao:SAOUHSC_00553	path:sao01100
sao:SAOUHSC_00554	path:sao01100
sao:SAOUHSC_00555	path:sao01100
sao:SAOUHSC_00558	path:sao01100
sao:SAOUHSC_00562	path:sao01100
sao:SAOUHSC_00573	path:sao01100
sao:SAOUHSC_00574	path:sao01100
sao:SAOUHSC_00575	path:sao01100
sao:SAOUHSC_00577	path:sao01100
sao:SAOUHSC_00578	path:sao01100
sao:SAOUHSC_00579	path:sao01100
sao:SAOUHSC_00608	path:sao01100
sao:SAOUHSC_00646	path:sao01100
sao:SAOUHSC_00655	path:sao01100
sao:SAOUHSC_00656	path:sao01100
sao:SAOUHSC_00658	path:sao01100
sao:SAOUHSC_00707	path:sao01100
sao:SAOUHSC_00708	path:sao01100
sao:SAOUHSC_00710	path:sao01100
sao:SAOUHSC_00716	path:sao01100
sao:SAOUHSC_00719	path:sao01100
sao:SAOUHSC_00720	path:sao01100
sao:SAOUHSC_00721	path:sao01100
sao:SAOUHSC_00728	path:sao01100
sao:SAOUHSC_00733	path:sao01100
sao:SAOUHSC_00739	path:sao01100
sao:SAOUHSC_00742	path:sao01100
sao:SAOUHSC_00743	path:sao01100
sao:SAOUHSC_00752	path:sao01100
sao:SAOUHSC_00756	path:sao01100
sao:SAOUHSC_00762	path:sao01100
sao:SAOUHSC_00795	path:sao01100
sao:SAOUHSC_00796	path:sao01100
sao:SAOUHSC_00797	path:sao01100
sao:SAOUHSC_00798	path:sao01100
sao:SAOUHSC_00799	path:sao01100
sao:SAOUHSC_00832	path:sao01100
sao:SAOUHSC_00836	path:sao01100
sao:SAOUHSC_00849	path:sao01100
sao:SAOUHSC_00855	path:sao01100
sao:SAOUHSC_00861	path:sao01100
sao:SAOUHSC_00866	path:sao01100
sao:SAOUHSC_00869	path:sao01100
sao:SAOUHSC_00871	path:sao01100
sao:SAOUHSC_00878	path:sao01100
sao:SAOUHSC_00879	path:sao01100
sao:SAOUHSC_00881	path:sao01100
sao:SAOUHSC_00894	path:sao01100
sao:SAOUHSC_00895	path:sao01100
sao:SAOUHSC_00898	path:sao01100
sao:SAOUHSC_00899	path:sao01100
sao:SAOUHSC_00900	path:sao01100
sao:SAOUHSC_00909	path:sao01100
sao:SAOUHSC_00914	path:sao01100
sao:SAOUHSC_00920	path:sao01100
sao:SAOUHSC_00921	path:sao01100
sao:SAOUHSC_00942	path:sao01100
sao:SAOUHSC_00943	path:sao01100
sao:SAOUHSC_00947	path:sao01100
sao:SAOUHSC_00953	path:sao01100
sao:SAOUHSC_00954	path:sao01100
sao:SAOUHSC_00963	path:sao01100
sao:SAOUHSC_00980	path:sao01100
sao:SAOUHSC_00982	path:sao01100
sao:SAOUHSC_00983	path:sao01100
sao:SAOUHSC_00984	path:sao01100
sao:SAOUHSC_00985	path:sao01100
sao:SAOUHSC_00989	path:sao01100
sao:SAOUHSC_00999	path:sao01100
sao:SAOUHSC_01000	path:sao01100
sao:SAOUHSC_01001	path:sao01100
sao:SAOUHSC_01002	path:sao01100
sao:SAOUHSC_01007	path:sao01100
sao:SAOUHSC_01008	path:sao01100
sao:SAOUHSC_01009	path:sao01100
sao:SAOUHSC_01010	path:sao01100
sao:SAOUHSC_01011	path:sao01100
sao:SAOUHSC_01012	path:sao01100
sao:SAOUHSC_01013	path:sao01100
sao:SAOUHSC_01014	path:sao01100
sao:SAOUHSC_01015	path:sao01100
sao:SAOUHSC_01016	path:sao01100
sao:SAOUHSC_01017	path:sao01100
sao:SAOUHSC_01018	path:sao01100
sao:SAOUHSC_01031	path:sao01100
sao:SAOUHSC_01032	path:sao01100
sao:SAOUHSC_01040	path:sao01100
sao:SAOUHSC_01041	path:sao01100
sao:SAOUHSC_01042	path:sao01100
sao:SAOUHSC_01043	path:sao01100
sao:SAOUHSC_01055	path:sao01100
sao:SAOUHSC_01064	path:sao01100
sao:SAOUHSC_01065	path:sao01100
sao:SAOUHSC_01066	path:sao01100
sao:SAOUHSC_01075	path:sao01100
sao:SAOUHSC_01103	path:sao01100
sao:SAOUHSC_01104	path:sao01100
sao:SAOUHSC_01105	path:sao01100
sao:SAOUHSC_01106	path:sao01100
sao:SAOUHSC_01107	path:sao01100
sao:SAOUHSC_01128	path:sao01100
sao:SAOUHSC_01129	path:sao01100
sao:SAOUHSC_01145	path:sao01100
sao:SAOUHSC_01146	path:sao01100
sao:SAOUHSC_01147	path:sao01100
sao:SAOUHSC_01152	path:sao01100
sao:SAOUHSC_01160	path:sao01100
sao:SAOUHSC_01164	path:sao01100
sao:SAOUHSC_01166	path:sao01100
sao:SAOUHSC_01168	path:sao01100
sao:SAOUHSC_01169	path:sao01100
sao:SAOUHSC_01170	path:sao01100
sao:SAOUHSC_01171	path:sao01100
sao:SAOUHSC_01172	path:sao01100
sao:SAOUHSC_01176	path:sao01100
sao:SAOUHSC_01178	path:sao01100
sao:SAOUHSC_01183	path:sao01100
sao:SAOUHSC_01188	path:sao01100
sao:SAOUHSC_01189	path:sao01100
sao:SAOUHSC_01190	path:sao01100
sao:SAOUHSC_01197	path:sao01100
sao:SAOUHSC_01198	path:sao01100
sao:SAOUHSC_01199	path:sao01100
sao:SAOUHSC_01201	path:sao01100
sao:SAOUHSC_01216	path:sao01100
sao:SAOUHSC_01218	path:sao01100
sao:SAOUHSC_01235	path:sao01100
sao:SAOUHSC_01238	path:sao01100
sao:SAOUHSC_01249	path:sao01100
sao:SAOUHSC_01257	path:sao01100
sao:SAOUHSC_01260	path:sao01100
sao:SAOUHSC_01265	path:sao01100
sao:SAOUHSC_01266	path:sao01100
sao:SAOUHSC_01267	path:sao01100
sao:SAOUHSC_01276	path:sao01100
sao:SAOUHSC_01278	path:sao01100
sao:SAOUHSC_01280	path:sao01100
sao:SAOUHSC_01282	path:sao01100
sao:SAOUHSC_01287	path:sao01100
sao:SAOUHSC_01307	path:sao01100
sao:SAOUHSC_01310	path:sao01100
sao:SAOUHSC_01319	path:sao01100
sao:SAOUHSC_01320	path:sao01100
sao:SAOUHSC_01321	path:sao01100
sao:SAOUHSC_01322	path:sao01100
sao:SAOUHSC_01327	path:sao01100
sao:SAOUHSC_01330	path:sao01100
sao:SAOUHSC_01337	path:sao01100
sao:SAOUHSC_01347	path:sao01100
sao:SAOUHSC_01350	path:sao01100
sao:SAOUHSC_01362	path:sao01100
sao:SAOUHSC_01364	path:sao01100
sao:SAOUHSC_01366	path:sao01100
sao:SAOUHSC_01367	path:sao01100
sao:SAOUHSC_01368	path:sao01100
sao:SAOUHSC_01369	path:sao01100
sao:SAOUHSC_01370	path:sao01100
sao:SAOUHSC_01371	path:sao01100
sao:SAOUHSC_01372	path:sao01100
sao:SAOUHSC_01373	path:sao01100
sao:SAOUHSC_01374	path:sao01100
sao:SAOUHSC_01394	path:sao01100
sao:SAOUHSC_01395	path:sao01100
sao:SAOUHSC_01396	path:sao01100
sao:SAOUHSC_01397	path:sao01100
sao:SAOUHSC_01398	path:sao01100
sao:SAOUHSC_01400	path:sao01100
sao:SAOUHSC_01401	path:sao01100
sao:SAOUHSC_01406	path:sao01100
sao:SAOUHSC_01416	path:sao01100
sao:SAOUHSC_01418	path:sao01100
sao:SAOUHSC_01424	path:sao01100
sao:SAOUHSC_01430	path:sao01100
sao:SAOUHSC_01434	path:sao01100
sao:SAOUHSC_01435	path:sao01100
sao:SAOUHSC_01451	path:sao01100
sao:SAOUHSC_01452	path:sao01100
sao:SAOUHSC_01467	path:sao01100
sao:SAOUHSC_01473	path:sao01100
sao:SAOUHSC_01481	path:sao01100
sao:SAOUHSC_01482	path:sao01100
sao:SAOUHSC_01483	path:sao01100
sao:SAOUHSC_01485	path:sao01100
sao:SAOUHSC_01487	path:sao01100
sao:SAOUHSC_01491	path:sao01100
sao:SAOUHSC_01496	path:sao01100
sao:SAOUHSC_01497	path:sao01100
sao:SAOUHSC_01552	path:sao01100
sao:SAOUHSC_01593	path:sao01100
sao:SAOUHSC_01597	path:sao01100
sao:SAOUHSC_01599	path:sao01100
sao:SAOUHSC_01601	path:sao01100
sao:SAOUHSC_01605	path:sao01100
sao:SAOUHSC_01611	path:sao01100
sao:SAOUHSC_01612	path:sao01100
sao:SAOUHSC_01613	path:sao01100
sao:SAOUHSC_01614	path:sao01100
sao:SAOUHSC_01618	path:sao01100
sao:SAOUHSC_01623	path:sao01100
sao:SAOUHSC_01624	path:sao01100
sao:SAOUHSC_01629	path:sao01100
sao:SAOUHSC_01632	path:sao01100
sao:SAOUHSC_01633	path:sao01100
sao:SAOUHSC_01634	path:sao01100
sao:SAOUHSC_01635	path:sao01100
sao:SAOUHSC_01644	path:sao01100
sao:SAOUHSC_01646	path:sao01100
sao:SAOUHSC_01650	path:sao01100
sao:SAOUHSC_01652	path:sao01100
sao:SAOUHSC_01670	path:sao01100
sao:SAOUHSC_01692	path:sao01100
sao:SAOUHSC_01697	path:sao01100
sao:SAOUHSC_01699	path:sao01100
sao:SAOUHSC_01702	path:sao01100
sao:SAOUHSC_01708	path:sao01100
sao:SAOUHSC_01709	path:sao01100
sao:SAOUHSC_01710	path:sao01100
sao:SAOUHSC_01715	path:sao01100
sao:SAOUHSC_01727	path:sao01100
sao:SAOUHSC_01742	path:sao01100
sao:SAOUHSC_01743	path:sao01100
sao:SAOUHSC_01752	path:sao01100
sao:SAOUHSC_01766	path:sao01100
sao:SAOUHSC_01771	path:sao01100
sao:SAOUHSC_01772	path:sao01100
sao:SAOUHSC_01773	path:sao01100
sao:SAOUHSC_01774	path:sao01100
sao:SAOUHSC_01776	path:sao01100
sao:SAOUHSC_01794	path:sao01100
sao:SAOUHSC_01795	path:sao01100
sao:SAOUHSC_01801	path:sao01100
sao:SAOUHSC_01802	path:sao01100
sao:SAOUHSC_01806	path:sao01100
sao:SAOUHSC_01807	path:sao01100
sao:SAOUHSC_01808	path:sao01100
sao:SAOUHSC_01809	path:sao01100
sao:SAOUHSC_01812	path:sao01100
sao:SAOUHSC_01818	path:sao01100
sao:SAOUHSC_01820	path:sao01100
sao:SAOUHSC_01824	path:sao01100
sao:SAOUHSC_01825	path:sao01100
sao:SAOUHSC_01828	path:sao01100
sao:SAOUHSC_01833	path:sao01100
sao:SAOUHSC_01837	path:sao01100
sao:SAOUHSC_01840	path:sao01100
sao:SAOUHSC_01845	path:sao01100
sao:SAOUHSC_01846	path:sao01100
sao:SAOUHSC_01852	path:sao01100
sao:SAOUHSC_01856	path:sao01100
sao:SAOUHSC_01867	path:sao01100
sao:SAOUHSC_01868	path:sao01100
sao:SAOUHSC_01884	path:sao01100
sao:SAOUHSC_01886	path:sao01100
sao:SAOUHSC_01887	path:sao01100
sao:SAOUHSC_01888	path:sao01100
sao:SAOUHSC_01889	path:sao01100
sao:SAOUHSC_01901	path:sao01100
sao:SAOUHSC_01909	path:sao01100
sao:SAOUHSC_01910	path:sao01100
sao:SAOUHSC_01915	path:sao01100
sao:SAOUHSC_01916	path:sao01100
sao:SAOUHSC_01960	path:sao01100
sao:SAOUHSC_01961	path:sao01100
sao:SAOUHSC_01962	path:sao01100
sao:SAOUHSC_01983	path:sao01100
sao:SAOUHSC_02000	path:sao01100
sao:SAOUHSC_02012	path:sao01100
sao:SAOUHSC_02057	path:sao01100
sao:SAOUHSC_02106	path:sao01100
sao:SAOUHSC_02107	path:sao01100
sao:SAOUHSC_02114	path:sao01100
sao:SAOUHSC_02116	path:sao01100
sao:SAOUHSC_02117	path:sao01100
sao:SAOUHSC_02118	path:sao01100
sao:SAOUHSC_02126	path:sao01100
sao:SAOUHSC_02132	path:sao01100
sao:SAOUHSC_02133	path:sao01100
sao:SAOUHSC_02134	path:sao01100
sao:SAOUHSC_02135	path:sao01100
sao:SAOUHSC_02142	path:sao01100
sao:SAOUHSC_02143	path:sao01100
sao:SAOUHSC_02244	path:sao01100
sao:SAOUHSC_02259	path:sao01100
sao:SAOUHSC_02267	path:sao01100
sao:SAOUHSC_02268	path:sao01100
sao:SAOUHSC_02281	path:sao01100
sao:SAOUHSC_02282	path:sao01100
sao:SAOUHSC_02283	path:sao01100
sao:SAOUHSC_02284	path:sao01100
sao:SAOUHSC_02285	path:sao01100
sao:SAOUHSC_02286	path:sao01100
sao:SAOUHSC_02287	path:sao01100
sao:SAOUHSC_02288	path:sao01100
sao:SAOUHSC_02289	path:sao01100
sao:SAOUHSC_02305	path:sao01100
sao:SAOUHSC_02306	path:sao01100
sao:SAOUHSC_02317	path:sao01100
sao:SAOUHSC_02318	path:sao01100
sao:SAOUHSC_02323	path:sao01100
sao:SAOUHSC_02328	path:sao01100
sao:SAOUHSC_02329	path:sao01100
sao:SAOUHSC_02330	path:sao01100
sao:SAOUHSC_02331	path:sao01100
sao:SAOUHSC_02336	path:sao01100
sao:SAOUHSC_02337	path:sao01100
sao:SAOUHSC_02340	path:sao01100
sao:SAOUHSC_02341	path:sao01100
sao:SAOUHSC_02343	path:sao01100
sao:SAOUHSC_02345	path:sao01100
sao:SAOUHSC_02346	path:sao01100
sao:SAOUHSC_02347	path:sao01100
sao:SAOUHSC_02349	path:sao01100
sao:SAOUHSC_02350	path:sao01100
sao:SAOUHSC_02352	path:sao01100
sao:SAOUHSC_02353	path:sao01100
sao:SAOUHSC_02354	path:sao01100
sao:SAOUHSC_02360	path:sao01100
sao:SAOUHSC_02363	path:sao01100
sao:SAOUHSC_02365	path:sao01100
sao:SAOUHSC_02366	path:sao01100
sao:SAOUHSC_02368	path:sao01100
sao:SAOUHSC_02371	path:sao01100
sao:SAOUHSC_02375	path:sao01100
sao:SAOUHSC_02377	path:sao01100
sao:SAOUHSC_02379	path:sao01100
sao:SAOUHSC_02380	path:sao01100
sao:SAOUHSC_02385	path:sao01100
sao:SAOUHSC_02399	path:sao01100
sao:SAOUHSC_02400	path:sao01100
sao:SAOUHSC_02402	path:sao01100
sao:SAOUHSC_02403	path:sao01100
sao:SAOUHSC_02405	path:sao01100
sao:SAOUHSC_02409	path:sao01100
sao:SAOUHSC_02433	path:sao01100
sao:SAOUHSC_02434	path:sao01100
sao:SAOUHSC_02436	path:sao01100
sao:SAOUHSC_02449	path:sao01100
sao:SAOUHSC_02450	path:sao01100
sao:SAOUHSC_02451	path:sao01100
sao:SAOUHSC_02452	path:sao01100
sao:SAOUHSC_02453	path:sao01100
sao:SAOUHSC_02454	path:sao01100
sao:SAOUHSC_02455	path:sao01100
sao:SAOUHSC_02457	path:sao01100
sao:SAOUHSC_02468	path:sao01100
sao:SAOUHSC_02490	path:sao01100
sao:SAOUHSC_02527	path:sao01100
sao:SAOUHSC_02536	path:sao01100
sao:SAOUHSC_02537	path:sao01100
sao:SAOUHSC_02540	path:sao01100
sao:SAOUHSC_02542	path:sao01100
sao:SAOUHSC_02543	path:sao01100
sao:SAOUHSC_02544	path:sao01100
sao:SAOUHSC_02558	path:sao01100
sao:SAOUHSC_02559	path:sao01100
sao:SAOUHSC_02561	path:sao01100
sao:SAOUHSC_02582	path:sao01100
sao:SAOUHSC_02584	path:sao01100
sao:SAOUHSC_02606	path:sao01100
sao:SAOUHSC_02607	path:sao01100
sao:SAOUHSC_02610	path:sao01100
sao:SAOUHSC_02612	path:sao01100
sao:SAOUHSC_02614	path:sao01100
sao:SAOUHSC_02623	path:sao01100
sao:SAOUHSC_02647	path:sao01100
sao:SAOUHSC_02652	path:sao01100
sao:SAOUHSC_02678	path:sao01100
sao:SAOUHSC_02680	path:sao01100
sao:SAOUHSC_02681	path:sao01100
sao:SAOUHSC_02682	path:sao01100
sao:SAOUHSC_02683	path:sao01100
sao:SAOUHSC_02684	path:sao01100
sao:SAOUHSC_02703	path:sao01100
sao:SAOUHSC_02712	path:sao01100
sao:SAOUHSC_02713	path:sao01100
sao:SAOUHSC_02714	path:sao01100
sao:SAOUHSC_02715	path:sao01100
sao:SAOUHSC_02716	path:sao01100
sao:SAOUHSC_02723	path:sao01100
sao:SAOUHSC_02739	path:sao01100
sao:SAOUHSC_02768	path:sao01100
sao:SAOUHSC_02769	path:sao01100
sao:SAOUHSC_02770	path:sao01100
sao:SAOUHSC_02793	path:sao01100
sao:SAOUHSC_02801	path:sao01100
sao:SAOUHSC_02808	path:sao01100
sao:SAOUHSC_02811	path:sao01100
sao:SAOUHSC_02822	path:sao01100
sao:SAOUHSC_02828	path:sao01100
sao:SAOUHSC_02830	path:sao01100
sao:SAOUHSC_02839	path:sao01100
sao:SAOUHSC_02840	path:sao01100
sao:SAOUHSC_02848	path:sao01100
sao:SAOUHSC_02849	path:sao01100
sao:SAOUHSC_02860	path:sao01100
sao:SAOUHSC_02869	path:sao01100
sao:SAOUHSC_02875	path:sao01100
sao:SAOUHSC_02877	path:sao01100
sao:SAOUHSC_02879	path:sao01100
sao:SAOUHSC_02880	path:sao01100
sao:SAOUHSC_02881	path:sao01100
sao:SAOUHSC_02882	path:sao01100
sao:SAOUHSC_02909	path:sao01100
sao:SAOUHSC_02916	path:sao01100
sao:SAOUHSC_02918	path:sao01100
sao:SAOUHSC_02919	path:sao01100
sao:SAOUHSC_02920	path:sao01100
sao:SAOUHSC_02922	path:sao01100
sao:SAOUHSC_02924	path:sao01100
sao:SAOUHSC_02926	path:sao01100
sao:SAOUHSC_02927	path:sao01100
sao:SAOUHSC_02929	path:sao01100
sao:SAOUHSC_02932	path:sao01100
sao:SAOUHSC_02933	path:sao01100
sao:SAOUHSC_02942	path:sao01100
sao:SAOUHSC_02945	path:sao01100
sao:SAOUHSC_02947	path:sao01100
sao:SAOUHSC_02949	path:sao01100
sao:SAOUHSC_02958	path:sao01100
sao:SAOUHSC_02965	path:sao01100
sao:SAOUHSC_02968	path:sao01100
sao:SAOUHSC_02969	path:sao01100
sao:SAOUHSC_02975	path:sao01100
sao:SAOUHSC_02976	path:sao01100
sao:SAOUHSC_03006	path:sao01100
sao:SAOUHSC_03008	path:sao01100
sao:SAOUHSC_03009	path:sao01100
sao:SAOUHSC_03010	path:sao01100
sao:SAOUHSC_03011	path:sao01100
sao:SAOUHSC_03012	path:sao01100
sao:SAOUHSC_03013	path:sao01100
sao:SAOUHSC_03014	path:sao01100
sao:SAOUHSC_00013	path:sao01110
sao:SAOUHSC_00075	path:sao01110
sao:SAOUHSC_00076	path:sao01110
sao:SAOUHSC_00077	path:sao01110
sao:SAOUHSC_00079	path:sao01110
sao:SAOUHSC_00080	path:sao01110
sao:SAOUHSC_00082	path:sao01110
sao:SAOUHSC_00083	path:sao01110
sao:SAOUHSC_00086	path:sao01110
sao:SAOUHSC_00097	path:sao01110
sao:SAOUHSC_00113	path:sao01110
sao:SAOUHSC_00130	path:sao01110
sao:SAOUHSC_00132	path:sao01110
sao:SAOUHSC_00147	path:sao01110
sao:SAOUHSC_00148	path:sao01110
sao:SAOUHSC_00149	path:sao01110
sao:SAOUHSC_00150	path:sao01110
sao:SAOUHSC_00195	path:sao01110
sao:SAOUHSC_00197	path:sao01110
sao:SAOUHSC_00206	path:sao01110
sao:SAOUHSC_00247	path:sao01110
sao:SAOUHSC_00336	path:sao01110
sao:SAOUHSC_00338	path:sao01110
sao:SAOUHSC_00339	path:sao01110
sao:SAOUHSC_00340	path:sao01110
sao:SAOUHSC_00341	path:sao01110
sao:SAOUHSC_00359	path:sao01110
sao:SAOUHSC_00372	path:sao01110
sao:SAOUHSC_00374	path:sao01110
sao:SAOUHSC_00422	path:sao01110
sao:SAOUHSC_00435	path:sao01110
sao:SAOUHSC_00436	path:sao01110
sao:SAOUHSC_00466	path:sao01110
sao:SAOUHSC_00472	path:sao01110
sao:SAOUHSC_00485	path:sao01110
sao:SAOUHSC_00488	path:sao01110
sao:SAOUHSC_00510	path:sao01110
sao:SAOUHSC_00536	path:sao01110
sao:SAOUHSC_00538	path:sao01110
sao:SAOUHSC_00555	path:sao01110
sao:SAOUHSC_00558	path:sao01110
sao:SAOUHSC_00573	path:sao01110
sao:SAOUHSC_00577	path:sao01110
sao:SAOUHSC_00578	path:sao01110
sao:SAOUHSC_00579	path:sao01110
sao:SAOUHSC_00608	path:sao01110
sao:SAOUHSC_00733	path:sao01110
sao:SAOUHSC_00756	path:sao01110
sao:SAOUHSC_00783	path:sao01110
sao:SAOUHSC_00795	path:sao01110
sao:SAOUHSC_00796	path:sao01110
sao:SAOUHSC_00797	path:sao01110
sao:SAOUHSC_00798	path:sao01110
sao:SAOUHSC_00799	path:sao01110
sao:SAOUHSC_00832	path:sao01110
sao:SAOUHSC_00836	path:sao01110
sao:SAOUHSC_00866	path:sao01110
sao:SAOUHSC_00881	path:sao01110
sao:SAOUHSC_00894	path:sao01110
sao:SAOUHSC_00898	path:sao01110
sao:SAOUHSC_00899	path:sao01110
sao:SAOUHSC_00900	path:sao01110
sao:SAOUHSC_00909	path:sao01110
sao:SAOUHSC_00914	path:sao01110
sao:SAOUHSC_00947	path:sao01110
sao:SAOUHSC_00980	path:sao01110
sao:SAOUHSC_00982	path:sao01110
sao:SAOUHSC_00983	path:sao01110
sao:SAOUHSC_00984	path:sao01110
sao:SAOUHSC_00985	path:sao01110
sao:SAOUHSC_00989	path:sao01110
sao:SAOUHSC_01008	path:sao01110
sao:SAOUHSC_01009	path:sao01110
sao:SAOUHSC_01010	path:sao01110
sao:SAOUHSC_01011	path:sao01110
sao:SAOUHSC_01012	path:sao01110
sao:SAOUHSC_01013	path:sao01110
sao:SAOUHSC_01014	path:sao01110
sao:SAOUHSC_01015	path:sao01110
sao:SAOUHSC_01016	path:sao01110
sao:SAOUHSC_01017	path:sao01110
sao:SAOUHSC_01018	path:sao01110
sao:SAOUHSC_01040	path:sao01110
sao:SAOUHSC_01041	path:sao01110
sao:SAOUHSC_01042	path:sao01110
sao:SAOUHSC_01043	path:sao01110
sao:SAOUHSC_01055	path:sao01110
sao:SAOUHSC_01065	path:sao01110
sao:SAOUHSC_01066	path:sao01110
sao:SAOUHSC_01089	path:sao01110
sao:SAOUHSC_01103	path:sao01110
sao:SAOUHSC_01104	path:sao01110
sao:SAOUHSC_01105	path:sao01110
sao:SAOUHSC_01128	path:sao01110
sao:SAOUHSC_01129	path:sao01110
sao:SAOUHSC_01169	path:sao01110
sao:SAOUHSC_01170	path:sao01110
sao:SAOUHSC_01189	path:sao01110
sao:SAOUHSC_01197	path:sao01110
sao:SAOUHSC_01198	path:sao01110
sao:SAOUHSC_01199	path:sao01110
sao:SAOUHSC_01201	path:sao01110
sao:SAOUHSC_01216	path:sao01110
sao:SAOUHSC_01218	path:sao01110
sao:SAOUHSC_01237	path:sao01110
sao:SAOUHSC_01238	path:sao01110
sao:SAOUHSC_01249	path:sao01110
sao:SAOUHSC_01257	path:sao01110
sao:SAOUHSC_01266	path:sao01110
sao:SAOUHSC_01267	path:sao01110
sao:SAOUHSC_01278	path:sao01110
sao:SAOUHSC_01280	path:sao01110
sao:SAOUHSC_01287	path:sao01110
sao:SAOUHSC_01307	path:sao01110
sao:SAOUHSC_01319	path:sao01110
sao:SAOUHSC_01320	path:sao01110
sao:SAOUHSC_01321	path:sao01110
sao:SAOUHSC_01322	path:sao01110
sao:SAOUHSC_01327	path:sao01110
sao:SAOUHSC_01337	path:sao01110
sao:SAOUHSC_01347	path:sao01110
sao:SAOUHSC_01350	path:sao01110
sao:SAOUHSC_01364	path:sao01110
sao:SAOUHSC_01366	path:sao01110
sao:SAOUHSC_01367	path:sao01110
sao:SAOUHSC_01368	path:sao01110
sao:SAOUHSC_01369	path:sao01110
sao:SAOUHSC_01370	path:sao01110
sao:SAOUHSC_01371	path:sao01110
sao:SAOUHSC_01372	path:sao01110
sao:SAOUHSC_01394	path:sao01110
sao:SAOUHSC_01395	path:sao01110
sao:SAOUHSC_01396	path:sao01110
sao:SAOUHSC_01397	path:sao01110
sao:SAOUHSC_01398	path:sao01110
sao:SAOUHSC_01401	path:sao01110
sao:SAOUHSC_01416	path:sao01110
sao:SAOUHSC_01418	path:sao01110
sao:SAOUHSC_01451	path:sao01110
sao:SAOUHSC_01481	path:sao01110
sao:SAOUHSC_01482	path:sao01110
sao:SAOUHSC_01483	path:sao01110
sao:SAOUHSC_01485	path:sao01110
sao:SAOUHSC_01486	path:sao01110
sao:SAOUHSC_01487	path:sao01110
sao:SAOUHSC_01488	path:sao01110
sao:SAOUHSC_01491	path:sao01110
sao:SAOUHSC_01497	path:sao01110
sao:SAOUHSC_01597	path:sao01110
sao:SAOUHSC_01599	path:sao01110
sao:SAOUHSC_01601	path:sao01110
sao:SAOUHSC_01605	path:sao01110
sao:SAOUHSC_01611	path:sao01110
sao:SAOUHSC_01612	path:sao01110
sao:SAOUHSC_01613	path:sao01110
sao:SAOUHSC_01614	path:sao01110
sao:SAOUHSC_01618	path:sao01110
sao:SAOUHSC_01623	path:sao01110
sao:SAOUHSC_01624	path:sao01110
sao:SAOUHSC_01632	path:sao01110
sao:SAOUHSC_01633	path:sao01110
sao:SAOUHSC_01634	path:sao01110
sao:SAOUHSC_01635	path:sao01110
sao:SAOUHSC_01646	path:sao01110
sao:SAOUHSC_01699	path:sao01110
sao:SAOUHSC_01709	path:sao01110
sao:SAOUHSC_01710	path:sao01110
sao:SAOUHSC_01752	path:sao01110
sao:SAOUHSC_01771	path:sao01110
sao:SAOUHSC_01772	path:sao01110
sao:SAOUHSC_01773	path:sao01110
sao:SAOUHSC_01774	path:sao01110
sao:SAOUHSC_01776	path:sao01110
sao:SAOUHSC_01794	path:sao01110
sao:SAOUHSC_01801	path:sao01110
sao:SAOUHSC_01802	path:sao01110
sao:SAOUHSC_01806	path:sao01110
sao:SAOUHSC_01807	path:sao01110
sao:SAOUHSC_01808	path:sao01110
sao:SAOUHSC_01809	path:sao01110
sao:SAOUHSC_01833	path:sao01110
sao:SAOUHSC_01837	path:sao01110
sao:SAOUHSC_01846	path:sao01110
sao:SAOUHSC_01852	path:sao01110
sao:SAOUHSC_01884	path:sao01110
sao:SAOUHSC_01886	path:sao01110
sao:SAOUHSC_01887	path:sao01110
sao:SAOUHSC_01888	path:sao01110
sao:SAOUHSC_01889	path:sao01110
sao:SAOUHSC_01901	path:sao01110
sao:SAOUHSC_01909	path:sao01110
sao:SAOUHSC_01910	path:sao01110
sao:SAOUHSC_01915	path:sao01110
sao:SAOUHSC_01916	path:sao01110
sao:SAOUHSC_01960	path:sao01110
sao:SAOUHSC_01961	path:sao01110
sao:SAOUHSC_01962	path:sao01110
sao:SAOUHSC_01983	path:sao01110
sao:SAOUHSC_02000	path:sao01110
sao:SAOUHSC_02023	path:sao01110
sao:SAOUHSC_02114	path:sao01110
sao:SAOUHSC_02124	path:sao01110
sao:SAOUHSC_02126	path:sao01110
sao:SAOUHSC_02134	path:sao01110
sao:SAOUHSC_02135	path:sao01110
sao:SAOUHSC_02142	path:sao01110
sao:SAOUHSC_02143	path:sao01110
sao:SAOUHSC_02267	path:sao01110
sao:SAOUHSC_02268	path:sao01110
sao:SAOUHSC_02281	path:sao01110
sao:SAOUHSC_02282	path:sao01110
sao:SAOUHSC_02283	path:sao01110
sao:SAOUHSC_02284	path:sao01110
sao:SAOUHSC_02285	path:sao01110
sao:SAOUHSC_02286	path:sao01110
sao:SAOUHSC_02287	path:sao01110
sao:SAOUHSC_02288	path:sao01110
sao:SAOUHSC_02289	path:sao01110
sao:SAOUHSC_02306	path:sao01110
sao:SAOUHSC_02354	path:sao01110
sao:SAOUHSC_02363	path:sao01110
sao:SAOUHSC_02366	path:sao01110
sao:SAOUHSC_02380	path:sao01110
sao:SAOUHSC_02385	path:sao01110
sao:SAOUHSC_02409	path:sao01110
sao:SAOUHSC_02433	path:sao01110
sao:SAOUHSC_02434	path:sao01110
sao:SAOUHSC_02436	path:sao01110
sao:SAOUHSC_02467	path:sao01110
sao:SAOUHSC_02468	path:sao01110
sao:SAOUHSC_02490	path:sao01110
sao:SAOUHSC_02584	path:sao01110
sao:SAOUHSC_02612	path:sao01110
sao:SAOUHSC_02614	path:sao01110
sao:SAOUHSC_02623	path:sao01110
sao:SAOUHSC_02647	path:sao01110
sao:SAOUHSC_02682	path:sao01110
sao:SAOUHSC_02703	path:sao01110
sao:SAOUHSC_02723	path:sao01110
sao:SAOUHSC_02739	path:sao01110
sao:SAOUHSC_02793	path:sao01110
sao:SAOUHSC_02801	path:sao01110
sao:SAOUHSC_02808	path:sao01110
sao:SAOUHSC_02822	path:sao01110
sao:SAOUHSC_02839	path:sao01110
sao:SAOUHSC_02840	path:sao01110
sao:SAOUHSC_02859	path:sao01110
sao:SAOUHSC_02860	path:sao01110
sao:SAOUHSC_02877	path:sao01110
sao:SAOUHSC_02879	path:sao01110
sao:SAOUHSC_02880	path:sao01110
sao:SAOUHSC_02881	path:sao01110
sao:SAOUHSC_02882	path:sao01110
sao:SAOUHSC_02916	path:sao01110
sao:SAOUHSC_02918	path:sao01110
sao:SAOUHSC_02919	path:sao01110
sao:SAOUHSC_02920	path:sao01110
sao:SAOUHSC_02921	path:sao01110
sao:SAOUHSC_02922	path:sao01110
sao:SAOUHSC_02926	path:sao01110
sao:SAOUHSC_02927	path:sao01110
sao:SAOUHSC_02929	path:sao01110
sao:SAOUHSC_02945	path:sao01110
sao:SAOUHSC_02965	path:sao01110
sao:SAOUHSC_02968	path:sao01110
sao:SAOUHSC_02969	path:sao01110
sao:SAOUHSC_02976	path:sao01110
sao:SAOUHSC_03008	path:sao01110
sao:SAOUHSC_03009	path:sao01110
sao:SAOUHSC_03010	path:sao01110
sao:SAOUHSC_03011	path:sao01110
sao:SAOUHSC_03012	path:sao01110
sao:SAOUHSC_03013	path:sao01110
sao:SAOUHSC_03014	path:sao01110
sao:SAOUHSC_00013	path:sao01120
sao:SAOUHSC_00037	path:sao01120
sao:SAOUHSC_00113	path:sao01120
sao:SAOUHSC_00132	path:sao01120
sao:SAOUHSC_00142	path:sao01120
sao:SAOUHSC_00187	path:sao01120
sao:SAOUHSC_00195	path:sao01120
sao:SAOUHSC_00196	path:sao01120
sao:SAOUHSC_00197	path:sao01120
sao:SAOUHSC_00199	path:sao01120
sao:SAOUHSC_00206	path:sao01120
sao:SAOUHSC_00310	path:sao01120
sao:SAOUHSC_00311	path:sao01120
sao:SAOUHSC_00312	path:sao01120
sao:SAOUHSC_00320	path:sao01120
sao:SAOUHSC_00336	path:sao01120
sao:SAOUHSC_00339	path:sao01120
sao:SAOUHSC_00341	path:sao01120
sao:SAOUHSC_00359	path:sao01120
sao:SAOUHSC_00435	path:sao01120
sao:SAOUHSC_00436	path:sao01120
sao:SAOUHSC_00472	path:sao01120
sao:SAOUHSC_00488	path:sao01120
sao:SAOUHSC_00510	path:sao01120
sao:SAOUHSC_00533	path:sao01120
sao:SAOUHSC_00553	path:sao01120
sao:SAOUHSC_00554	path:sao01120
sao:SAOUHSC_00558	path:sao01120
sao:SAOUHSC_00574	path:sao01120
sao:SAOUHSC_00608	path:sao01120
sao:SAOUHSC_00708	path:sao01120
sao:SAOUHSC_00716	path:sao01120
sao:SAOUHSC_00756	path:sao01120
sao:SAOUHSC_00795	path:sao01120
sao:SAOUHSC_00796	path:sao01120
sao:SAOUHSC_00797	path:sao01120
sao:SAOUHSC_00798	path:sao01120
sao:SAOUHSC_00799	path:sao01120
sao:SAOUHSC_00866	path:sao01120
sao:SAOUHSC_00895	path:sao01120
sao:SAOUHSC_00900	path:sao01120
sao:SAOUHSC_01007	path:sao01120
sao:SAOUHSC_01040	path:sao01120
sao:SAOUHSC_01041	path:sao01120
sao:SAOUHSC_01042	path:sao01120
sao:SAOUHSC_01043	path:sao01120
sao:SAOUHSC_01064	path:sao01120
sao:SAOUHSC_01103	path:sao01120
sao:SAOUHSC_01104	path:sao01120
sao:SAOUHSC_01105	path:sao01120
sao:SAOUHSC_01129	path:sao01120
sao:SAOUHSC_01160	path:sao01120
sao:SAOUHSC_01189	path:sao01120
sao:SAOUHSC_01216	path:sao01120
sao:SAOUHSC_01218	path:sao01120
sao:SAOUHSC_01266	path:sao01120
sao:SAOUHSC_01267	path:sao01120
sao:SAOUHSC_01287	path:sao01120
sao:SAOUHSC_01307	path:sao01120
sao:SAOUHSC_01319	path:sao01120
sao:SAOUHSC_01320	path:sao01120
sao:SAOUHSC_01321	path:sao01120
sao:SAOUHSC_01322	path:sao01120
sao:SAOUHSC_01337	path:sao01120
sao:SAOUHSC_01347	path:sao01120
sao:SAOUHSC_01362	path:sao01120
sao:SAOUHSC_01394	path:sao01120
sao:SAOUHSC_01395	path:sao01120
sao:SAOUHSC_01396	path:sao01120
sao:SAOUHSC_01397	path:sao01120
sao:SAOUHSC_01401	path:sao01120
sao:SAOUHSC_01406	path:sao01120
sao:SAOUHSC_01416	path:sao01120
sao:SAOUHSC_01418	path:sao01120
sao:SAOUHSC_01599	path:sao01120
sao:SAOUHSC_01605	path:sao01120
sao:SAOUHSC_01614	path:sao01120
sao:SAOUHSC_01623	path:sao01120
sao:SAOUHSC_01624	path:sao01120
sao:SAOUHSC_01646	path:sao01120
sao:SAOUHSC_01709	path:sao01120
sao:SAOUHSC_01710	path:sao01120
sao:SAOUHSC_01771	path:sao01120
sao:SAOUHSC_01772	path:sao01120
sao:SAOUHSC_01773	path:sao01120
sao:SAOUHSC_01774	path:sao01120
sao:SAOUHSC_01776	path:sao01120
sao:SAOUHSC_01794	path:sao01120
sao:SAOUHSC_01801	path:sao01120
sao:SAOUHSC_01802	path:sao01120
sao:SAOUHSC_01806	path:sao01120
sao:SAOUHSC_01807	path:sao01120
sao:SAOUHSC_01808	path:sao01120
sao:SAOUHSC_01809	path:sao01120
sao:SAOUHSC_01812	path:sao01120
sao:SAOUHSC_01820	path:sao01120
sao:SAOUHSC_01833	path:sao01120
sao:SAOUHSC_01845	path:sao01120
sao:SAOUHSC_01846	path:sao01120
sao:SAOUHSC_01867	path:sao01120
sao:SAOUHSC_01868	path:sao01120
sao:SAOUHSC_01901	path:sao01120
sao:SAOUHSC_01910	path:sao01120
sao:SAOUHSC_01983	path:sao01120
sao:SAOUHSC_02000	path:sao01120
sao:SAOUHSC_02143	path:sao01120
sao:SAOUHSC_02244	path:sao01120
sao:SAOUHSC_02354	path:sao01120
sao:SAOUHSC_02363	path:sao01120
sao:SAOUHSC_02366	path:sao01120
sao:SAOUHSC_02558	path:sao01120
sao:SAOUHSC_02559	path:sao01120
sao:SAOUHSC_02561	path:sao01120
sao:SAOUHSC_02582	path:sao01120
sao:SAOUHSC_02612	path:sao01120
sao:SAOUHSC_02614	path:sao01120
sao:SAOUHSC_02647	path:sao01120
sao:SAOUHSC_02652	path:sao01120
sao:SAOUHSC_02678	path:sao01120
sao:SAOUHSC_02680	path:sao01120
sao:SAOUHSC_02681	path:sao01120
sao:SAOUHSC_02682	path:sao01120
sao:SAOUHSC_02683	path:sao01120
sao:SAOUHSC_02684	path:sao01120
sao:SAOUHSC_02703	path:sao01120
sao:SAOUHSC_02723	path:sao01120
sao:SAOUHSC_02793	path:sao01120
sao:SAOUHSC_02808	path:sao01120
sao:SAOUHSC_02822	path:sao01120
sao:SAOUHSC_02828	path:sao01120
sao:SAOUHSC_02830	path:sao01120
sao:SAOUHSC_02875	path:sao01120
sao:SAOUHSC_02922	path:sao01120
sao:SAOUHSC_02924	path:sao01120
sao:SAOUHSC_02926	path:sao01120
sao:SAOUHSC_02927	path:sao01120
sao:SAOUHSC_02929	path:sao01120
sao:SAOUHSC_02947	path:sao01120
sao:SAOUHSC_02965	path:sao01120
sao:SAOUHSC_00142	path:sao01200
sao:SAOUHSC_00196	path:sao01200
sao:SAOUHSC_00336	path:sao01200
sao:SAOUHSC_00359	path:sao01200
sao:SAOUHSC_00472	path:sao01200
sao:SAOUHSC_00488	path:sao01200
sao:SAOUHSC_00510	path:sao01200
sao:SAOUHSC_00553	path:sao01200
sao:SAOUHSC_00554	path:sao01200
sao:SAOUHSC_00558	path:sao01200
sao:SAOUHSC_00574	path:sao01200
sao:SAOUHSC_00795	path:sao01200
sao:SAOUHSC_00796	path:sao01200
sao:SAOUHSC_00797	path:sao01200
sao:SAOUHSC_00798	path:sao01200
sao:SAOUHSC_00799	path:sao01200
sao:SAOUHSC_00836	path:sao01200
sao:SAOUHSC_00900	path:sao01200
sao:SAOUHSC_01007	path:sao01200
sao:SAOUHSC_01040	path:sao01200
sao:SAOUHSC_01041	path:sao01200
sao:SAOUHSC_01042	path:sao01200
sao:SAOUHSC_01043	path:sao01200
sao:SAOUHSC_01064	path:sao01200
sao:SAOUHSC_01103	path:sao01200
sao:SAOUHSC_01104	path:sao01200
sao:SAOUHSC_01105	path:sao01200
sao:SAOUHSC_01129	path:sao01200
sao:SAOUHSC_01189	path:sao01200
sao:SAOUHSC_01216	path:sao01200
sao:SAOUHSC_01218	path:sao01200
sao:SAOUHSC_01266	path:sao01200
sao:SAOUHSC_01267	path:sao01200
sao:SAOUHSC_01327	path:sao01200
sao:SAOUHSC_01337	path:sao01200
sao:SAOUHSC_01347	path:sao01200
sao:SAOUHSC_01416	path:sao01200
sao:SAOUHSC_01418	path:sao01200
sao:SAOUHSC_01451	path:sao01200
sao:SAOUHSC_01599	path:sao01200
sao:SAOUHSC_01605	path:sao01200
sao:SAOUHSC_01614	path:sao01200
sao:SAOUHSC_01623	path:sao01200
sao:SAOUHSC_01624	path:sao01200
sao:SAOUHSC_01632	path:sao01200
sao:SAOUHSC_01633	path:sao01200
sao:SAOUHSC_01634	path:sao01200
sao:SAOUHSC_01646	path:sao01200
sao:SAOUHSC_01709	path:sao01200
sao:SAOUHSC_01710	path:sao01200
sao:SAOUHSC_01794	path:sao01200
sao:SAOUHSC_01801	path:sao01200
sao:SAOUHSC_01802	path:sao01200
sao:SAOUHSC_01806	path:sao01200
sao:SAOUHSC_01807	path:sao01200
sao:SAOUHSC_01808	path:sao01200
sao:SAOUHSC_01809	path:sao01200
sao:SAOUHSC_01810	path:sao01200
sao:SAOUHSC_01820	path:sao01200
sao:SAOUHSC_01833	path:sao01200
sao:SAOUHSC_01845	path:sao01200
sao:SAOUHSC_01846	path:sao01200
sao:SAOUHSC_01901	path:sao01200
sao:SAOUHSC_01910	path:sao01200
sao:SAOUHSC_01983	path:sao01200
sao:SAOUHSC_02143	path:sao01200
sao:SAOUHSC_02289	path:sao01200
sao:SAOUHSC_02354	path:sao01200
sao:SAOUHSC_02366	path:sao01200
sao:SAOUHSC_02582	path:sao01200
sao:SAOUHSC_02612	path:sao01200
sao:SAOUHSC_02647	path:sao01200
sao:SAOUHSC_02703	path:sao01200
sao:SAOUHSC_02808	path:sao01200
sao:SAOUHSC_02839	path:sao01200
sao:SAOUHSC_02840	path:sao01200
sao:SAOUHSC_02926	path:sao01200
sao:SAOUHSC_02927	path:sao01200
sao:SAOUHSC_02929	path:sao01200
sao:SAOUHSC_02965	path:sao01200
sao:SAOUHSC_00147	path:sao01210
sao:SAOUHSC_00148	path:sao01210
sao:SAOUHSC_00149	path:sao01210
sao:SAOUHSC_00536	path:sao01210
sao:SAOUHSC_00914	path:sao01210
sao:SAOUHSC_01040	path:sao01210
sao:SAOUHSC_01041	path:sao01210
sao:SAOUHSC_01042	path:sao01210
sao:SAOUHSC_01043	path:sao01210
sao:SAOUHSC_01266	path:sao01210
sao:SAOUHSC_01267	path:sao01210
sao:SAOUHSC_01319	path:sao01210
sao:SAOUHSC_01347	path:sao01210
sao:SAOUHSC_01394	path:sao01210
sao:SAOUHSC_01395	path:sao01210
sao:SAOUHSC_01416	path:sao01210
sao:SAOUHSC_01418	path:sao01210
sao:SAOUHSC_01611	path:sao01210
sao:SAOUHSC_01612	path:sao01210
sao:SAOUHSC_01613	path:sao01210
sao:SAOUHSC_01614	path:sao01210
sao:SAOUHSC_01801	path:sao01210
sao:SAOUHSC_01802	path:sao01210
sao:SAOUHSC_02281	path:sao01210
sao:SAOUHSC_02282	path:sao01210
sao:SAOUHSC_02283	path:sao01210
sao:SAOUHSC_02284	path:sao01210
sao:SAOUHSC_02285	path:sao01210
sao:SAOUHSC_02286	path:sao01210
sao:SAOUHSC_02287	path:sao01210
sao:SAOUHSC_02288	path:sao01210
sao:SAOUHSC_02467	path:sao01210
sao:SAOUHSC_02468	path:sao01210
sao:SAOUHSC_02921	path:sao01210
sao:SAOUHSC_00195	path:sao01212
sao:SAOUHSC_00196	path:sao01212
sao:SAOUHSC_00198	path:sao01212
sao:SAOUHSC_00336	path:sao01212
sao:SAOUHSC_00558	path:sao01212
sao:SAOUHSC_00920	path:sao01212
sao:SAOUHSC_00921	path:sao01212
sao:SAOUHSC_00947	path:sao01212
sao:SAOUHSC_01198	path:sao01212
sao:SAOUHSC_01199	path:sao01212
sao:SAOUHSC_01257	path:sao01212
sao:SAOUHSC_01623	path:sao01212
sao:SAOUHSC_01624	path:sao01212
sao:SAOUHSC_01709	path:sao01212
sao:SAOUHSC_01710	path:sao01212
sao:SAOUHSC_01808	path:sao01212
sao:SAOUHSC_01809	path:sao01212
sao:SAOUHSC_02336	path:sao01212
sao:SAOUHSC_00113	path:sao01220
sao:SAOUHSC_00608	path:sao01220
sao:SAOUHSC_01160	path:sao01220
sao:SAOUHSC_01362	path:sao01220
sao:SAOUHSC_02828	path:sao01220
sao:SAOUHSC_00013	path:sao01230
sao:SAOUHSC_00147	path:sao01230
sao:SAOUHSC_00148	path:sao01230
sao:SAOUHSC_00149	path:sao01230
sao:SAOUHSC_00338	path:sao01230
sao:SAOUHSC_00339	path:sao01230
sao:SAOUHSC_00340	path:sao01230
sao:SAOUHSC_00341	path:sao01230
sao:SAOUHSC_00359	path:sao01230
sao:SAOUHSC_00421	path:sao01230
sao:SAOUHSC_00422	path:sao01230
sao:SAOUHSC_00435	path:sao01230
sao:SAOUHSC_00436	path:sao01230
sao:SAOUHSC_00472	path:sao01230
sao:SAOUHSC_00488	path:sao01230
sao:SAOUHSC_00510	path:sao01230
sao:SAOUHSC_00536	path:sao01230
sao:SAOUHSC_00553	path:sao01230
sao:SAOUHSC_00554	path:sao01230
sao:SAOUHSC_00733	path:sao01230
sao:SAOUHSC_00795	path:sao01230
sao:SAOUHSC_00796	path:sao01230
sao:SAOUHSC_00797	path:sao01230
sao:SAOUHSC_00798	path:sao01230
sao:SAOUHSC_00799	path:sao01230
sao:SAOUHSC_00832	path:sao01230
sao:SAOUHSC_00898	path:sao01230
sao:SAOUHSC_00899	path:sao01230
sao:SAOUHSC_00914	path:sao01230
sao:SAOUHSC_00989	path:sao01230
sao:SAOUHSC_01064	path:sao01230
sao:SAOUHSC_01128	path:sao01230
sao:SAOUHSC_01189	path:sao01230
sao:SAOUHSC_01287	path:sao01230
sao:SAOUHSC_01307	path:sao01230
sao:SAOUHSC_01319	path:sao01230
sao:SAOUHSC_01320	path:sao01230
sao:SAOUHSC_01321	path:sao01230
sao:SAOUHSC_01322	path:sao01230
sao:SAOUHSC_01337	path:sao01230
sao:SAOUHSC_01347	path:sao01230
sao:SAOUHSC_01364	path:sao01230
sao:SAOUHSC_01366	path:sao01230
sao:SAOUHSC_01367	path:sao01230
sao:SAOUHSC_01368	path:sao01230
sao:SAOUHSC_01369	path:sao01230
sao:SAOUHSC_01370	path:sao01230
sao:SAOUHSC_01371	path:sao01230
sao:SAOUHSC_01372	path:sao01230
sao:SAOUHSC_01394	path:sao01230
sao:SAOUHSC_01395	path:sao01230
sao:SAOUHSC_01396	path:sao01230
sao:SAOUHSC_01397	path:sao01230
sao:SAOUHSC_01398	path:sao01230
sao:SAOUHSC_01401	path:sao01230
sao:SAOUHSC_01451	path:sao01230
sao:SAOUHSC_01481	path:sao01230
sao:SAOUHSC_01482	path:sao01230
sao:SAOUHSC_01483	path:sao01230
sao:SAOUHSC_01597	path:sao01230
sao:SAOUHSC_01635	path:sao01230
sao:SAOUHSC_01699	path:sao01230
sao:SAOUHSC_01702	path:sao01230
sao:SAOUHSC_01752	path:sao01230
sao:SAOUHSC_01794	path:sao01230
sao:SAOUHSC_01801	path:sao01230
sao:SAOUHSC_01802	path:sao01230
sao:SAOUHSC_01806	path:sao01230
sao:SAOUHSC_01807	path:sao01230
sao:SAOUHSC_01833	path:sao01230
sao:SAOUHSC_01852	path:sao01230
sao:SAOUHSC_01868	path:sao01230
sao:SAOUHSC_01901	path:sao01230
sao:SAOUHSC_01909	path:sao01230
sao:SAOUHSC_02135	path:sao01230
sao:SAOUHSC_02244	path:sao01230
sao:SAOUHSC_02281	path:sao01230
sao:SAOUHSC_02282	path:sao01230
sao:SAOUHSC_02283	path:sao01230
sao:SAOUHSC_02284	path:sao01230
sao:SAOUHSC_02285	path:sao01230
sao:SAOUHSC_02286	path:sao01230
sao:SAOUHSC_02287	path:sao01230
sao:SAOUHSC_02288	path:sao01230
sao:SAOUHSC_02289	path:sao01230
sao:SAOUHSC_02354	path:sao01230
sao:SAOUHSC_02366	path:sao01230
sao:SAOUHSC_02375	path:sao01230
sao:SAOUHSC_02409	path:sao01230
sao:SAOUHSC_02468	path:sao01230
sao:SAOUHSC_02612	path:sao01230
sao:SAOUHSC_02703	path:sao01230
sao:SAOUHSC_02839	path:sao01230
sao:SAOUHSC_02840	path:sao01230
sao:SAOUHSC_02926	path:sao01230
sao:SAOUHSC_02968	path:sao01230
sao:SAOUHSC_03008	path:sao01230
sao:SAOUHSC_03009	path:sao01230
sao:SAOUHSC_03010	path:sao01230
sao:SAOUHSC_03011	path:sao01230
sao:SAOUHSC_03012	path:sao01230
sao:SAOUHSC_03013	path:sao01230
sao:SAOUHSC_03014	path:sao01230
sao:SAOUHSC_00019	path:sao01232
sao:SAOUHSC_00097	path:sao01232
sao:SAOUHSC_00372	path:sao01232
sao:SAOUHSC_00374	path:sao01232
sao:SAOUHSC_00375	path:sao01232
sao:SAOUHSC_00451	path:sao01232
sao:SAOUHSC_00485	path:sao01232
sao:SAOUHSC_00539	path:sao01232
sao:SAOUHSC_00540	path:sao01232
sao:SAOUHSC_00742	path:sao01232
sao:SAOUHSC_00743	path:sao01232
sao:SAOUHSC_01107	path:sao01232
sao:SAOUHSC_01152	path:sao01232
sao:SAOUHSC_01164	path:sao01232
sao:SAOUHSC_01176	path:sao01232
sao:SAOUHSC_01235	path:sao01232
sao:SAOUHSC_01330	path:sao01232
sao:SAOUHSC_01435	path:sao01232
sao:SAOUHSC_01485	path:sao01232
sao:SAOUHSC_01496	path:sao01232
sao:SAOUHSC_01552	path:sao01232
sao:SAOUHSC_01670	path:sao01232
sao:SAOUHSC_01692	path:sao01232
sao:SAOUHSC_01715	path:sao01232
sao:SAOUHSC_01743	path:sao01232
sao:SAOUHSC_02057	path:sao01232
sao:SAOUHSC_02126	path:sao01232
sao:SAOUHSC_02353	path:sao01232
sao:SAOUHSC_02360	path:sao01232
sao:SAOUHSC_02368	path:sao01232
sao:SAOUHSC_02377	path:sao01232
sao:SAOUHSC_02380	path:sao01232
sao:SAOUHSC_02490	path:sao01232
sao:SAOUHSC_02942	path:sao01232
sao:SAOUHSC_00019	path:sao01240
sao:SAOUHSC_00132	path:sao01240
sao:SAOUHSC_00308	path:sao01240
sao:SAOUHSC_00489	path:sao01240
sao:SAOUHSC_00490	path:sao01240
sao:SAOUHSC_00491	path:sao01240
sao:SAOUHSC_00499	path:sao01240
sao:SAOUHSC_00500	path:sao01240
sao:SAOUHSC_00509	path:sao01240
sao:SAOUHSC_00536	path:sao01240
sao:SAOUHSC_00549	path:sao01240
sao:SAOUHSC_00562	path:sao01240
sao:SAOUHSC_00573	path:sao01240
sao:SAOUHSC_00575	path:sao01240
sao:SAOUHSC_00720	path:sao01240
sao:SAOUHSC_00722	path:sao01240
sao:SAOUHSC_00723	path:sao01240
sao:SAOUHSC_00724	path:sao01240
sao:SAOUHSC_00861	path:sao01240
sao:SAOUHSC_00881	path:sao01240
sao:SAOUHSC_00909	path:sao01240
sao:SAOUHSC_00921	path:sao01240
sao:SAOUHSC_00943	path:sao01240
sao:SAOUHSC_00947	path:sao01240
sao:SAOUHSC_00963	path:sao01240
sao:SAOUHSC_00980	path:sao01240
sao:SAOUHSC_00982	path:sao01240
sao:SAOUHSC_00983	path:sao01240
sao:SAOUHSC_00984	path:sao01240
sao:SAOUHSC_00985	path:sao01240
sao:SAOUHSC_01007	path:sao01240
sao:SAOUHSC_01043	path:sao01240
sao:SAOUHSC_01065	path:sao01240
sao:SAOUHSC_01066	path:sao01240
sao:SAOUHSC_01075	path:sao01240
sao:SAOUHSC_01166	path:sao01240
sao:SAOUHSC_01168	path:sao01240
sao:SAOUHSC_01169	path:sao01240
sao:SAOUHSC_01170	path:sao01240
sao:SAOUHSC_01171	path:sao01240
sao:SAOUHSC_01172	path:sao01240
sao:SAOUHSC_01178	path:sao01240
sao:SAOUHSC_01190	path:sao01240
sao:SAOUHSC_01199	path:sao01240
sao:SAOUHSC_01235	path:sao01240
sao:SAOUHSC_01249	path:sao01240
sao:SAOUHSC_01257	path:sao01240
sao:SAOUHSC_01434	path:sao01240
sao:SAOUHSC_01485	path:sao01240
sao:SAOUHSC_01487	path:sao01240
sao:SAOUHSC_01614	path:sao01240
sao:SAOUHSC_01629	path:sao01240
sao:SAOUHSC_01697	path:sao01240
sao:SAOUHSC_01727	path:sao01240
sao:SAOUHSC_01766	path:sao01240
sao:SAOUHSC_01771	path:sao01240
sao:SAOUHSC_01772	path:sao01240
sao:SAOUHSC_01773	path:sao01240
sao:SAOUHSC_01774	path:sao01240
sao:SAOUHSC_01776	path:sao01240
sao:SAOUHSC_01795	path:sao01240
sao:SAOUHSC_01824	path:sao01240
sao:SAOUHSC_01825	path:sao01240
sao:SAOUHSC_01845	path:sao01240
sao:SAOUHSC_01886	path:sao01240
sao:SAOUHSC_01887	path:sao01240
sao:SAOUHSC_01888	path:sao01240
sao:SAOUHSC_01889	path:sao01240
sao:SAOUHSC_01909	path:sao01240
sao:SAOUHSC_01915	path:sao01240
sao:SAOUHSC_01916	path:sao01240
sao:SAOUHSC_01960	path:sao01240
sao:SAOUHSC_01961	path:sao01240
sao:SAOUHSC_01962	path:sao01240
sao:SAOUHSC_02000	path:sao01240
sao:SAOUHSC_02126	path:sao01240
sao:SAOUHSC_02132	path:sao01240
sao:SAOUHSC_02133	path:sao01240
sao:SAOUHSC_02328	path:sao01240
sao:SAOUHSC_02329	path:sao01240
sao:SAOUHSC_02330	path:sao01240
sao:SAOUHSC_02331	path:sao01240
sao:SAOUHSC_02336	path:sao01240
sao:SAOUHSC_02354	path:sao01240
sao:SAOUHSC_02363	path:sao01240
sao:SAOUHSC_02368	path:sao01240
sao:SAOUHSC_02371	path:sao01240
sao:SAOUHSC_02385	path:sao01240
sao:SAOUHSC_02490	path:sao01240
sao:SAOUHSC_02536	path:sao01240
sao:SAOUHSC_02540	path:sao01240
sao:SAOUHSC_02542	path:sao01240
sao:SAOUHSC_02543	path:sao01240
sao:SAOUHSC_02544	path:sao01240
sao:SAOUHSC_02682	path:sao01240
sao:SAOUHSC_02712	path:sao01240
sao:SAOUHSC_02713	path:sao01240
sao:SAOUHSC_02714	path:sao01240
sao:SAOUHSC_02715	path:sao01240
sao:SAOUHSC_02716	path:sao01240
sao:SAOUHSC_02739	path:sao01240
sao:SAOUHSC_02801	path:sao01240
sao:SAOUHSC_02909	path:sao01240
sao:SAOUHSC_02916	path:sao01240
sao:SAOUHSC_02918	path:sao01240
sao:SAOUHSC_02919	path:sao01240
sao:SAOUHSC_02920	path:sao01240
sao:SAOUHSC_02945	path:sao01240
sao:SAOUHSC_02958	path:sao01240
sao:SAOUHSC_02976	path:sao01240
sao:SAOUHSC_00088	path:sao01250
sao:SAOUHSC_00117	path:sao01250
sao:SAOUHSC_00118	path:sao01250
sao:SAOUHSC_00119	path:sao01250
sao:SAOUHSC_00120	path:sao01250
sao:SAOUHSC_00128	path:sao01250
sao:SAOUHSC_00129	path:sao01250
sao:SAOUHSC_00471	path:sao01250
sao:SAOUHSC_00752	path:sao01250
sao:SAOUHSC_00900	path:sao01250
sao:SAOUHSC_01646	path:sao01250
sao:SAOUHSC_02267	path:sao01250
sao:SAOUHSC_02337	path:sao01250
sao:SAOUHSC_02352	path:sao01250
sao:SAOUHSC_02365	path:sao01250
sao:SAOUHSC_02385	path:sao01250
sao:SAOUHSC_02399	path:sao01250
sao:SAOUHSC_02405	path:sao01250
sao:SAOUHSC_02793	path:sao01250
sao:SAOUHSC_02801	path:sao01250
sao:SAOUHSC_02976	path:sao01250
sao:SAOUHSC_02678	path:sao01310
sao:SAOUHSC_02680	path:sao01310
sao:SAOUHSC_02681	path:sao01310
sao:SAOUHSC_02683	path:sao01310
sao:SAOUHSC_02684	path:sao01310
sao:SAOUHSC_00488	path:sao01320
sao:SAOUHSC_00716	path:sao01320
sao:SAOUHSC_02947	path:sao01320
sao:SAOUHSC_00647	path:sao01501
sao:SAOUHSC_00923	path:sao01501
sao:SAOUHSC_00924	path:sao01501
sao:SAOUHSC_00925	path:sao01501
sao:SAOUHSC_00926	path:sao01501
sao:SAOUHSC_00927	path:sao01501
sao:SAOUHSC_01145	path:sao01501
sao:SAOUHSC_01467	path:sao01501
sao:SAOUHSC_01652	path:sao01501
sao:SAOUHSC_01146	path:sao01502
sao:SAOUHSC_01400	path:sao01502
sao:SAOUHSC_01424	path:sao01502
sao:SAOUHSC_02305	path:sao01502
sao:SAOUHSC_02317	path:sao01502
sao:SAOUHSC_02318	path:sao01502
sao:SAOUHSC_00665	path:sao01503
sao:SAOUHSC_00666	path:sao01503
sao:SAOUHSC_00667	path:sao01503
sao:SAOUHSC_00668	path:sao01503
sao:SAOUHSC_00869	path:sao01503
sao:SAOUHSC_00870	path:sao01503
sao:SAOUHSC_00871	path:sao01503
sao:SAOUHSC_00872	path:sao01503
sao:SAOUHSC_01359	path:sao01503
sao:SAOUHSC_01739	path:sao01503
sao:SAOUHSC_01838	path:sao01503
sao:SAOUHSC_02171	path:sao01503
sao:SAOUHSC_02971	path:sao01503
sao:SAOUHSC_00102	path:sao02010
sao:SAOUHSC_00103	path:sao02010
sao:SAOUHSC_00104	path:sao02010
sao:SAOUHSC_00105	path:sao02010
sao:SAOUHSC_00175	path:sao02010
sao:SAOUHSC_00176	path:sao02010
sao:SAOUHSC_00177	path:sao02010
sao:SAOUHSC_00178	path:sao02010
sao:SAOUHSC_00240	path:sao02010
sao:SAOUHSC_00423	path:sao02010
sao:SAOUHSC_00424	path:sao02010
sao:SAOUHSC_00426	path:sao02010
sao:SAOUHSC_00634	path:sao02010
sao:SAOUHSC_00636	path:sao02010
sao:SAOUHSC_00637	path:sao02010
sao:SAOUHSC_00641	path:sao02010
sao:SAOUHSC_00642	path:sao02010
sao:SAOUHSC_00647	path:sao02010
sao:SAOUHSC_00667	path:sao02010
sao:SAOUHSC_00668	path:sao02010
sao:SAOUHSC_00692	path:sao02010
sao:SAOUHSC_00693	path:sao02010
sao:SAOUHSC_00731	path:sao02010
sao:SAOUHSC_00732	path:sao02010
sao:SAOUHSC_00842	path:sao02010
sao:SAOUHSC_00843	path:sao02010
sao:SAOUHSC_00844	path:sao02010
sao:SAOUHSC_00923	path:sao02010
sao:SAOUHSC_00924	path:sao02010
sao:SAOUHSC_00925	path:sao02010
sao:SAOUHSC_00926	path:sao02010
sao:SAOUHSC_00927	path:sao02010
sao:SAOUHSC_01019	path:sao02010
sao:SAOUHSC_01046	path:sao02010
sao:SAOUHSC_01047	path:sao02010
sao:SAOUHSC_01048	path:sao02010
sao:SAOUHSC_01049	path:sao02010
sao:SAOUHSC_01385	path:sao02010
sao:SAOUHSC_01386	path:sao02010
sao:SAOUHSC_01387	path:sao02010
sao:SAOUHSC_01389	path:sao02010
sao:SAOUHSC_01656	path:sao02010
sao:SAOUHSC_01657	path:sao02010
sao:SAOUHSC_01945	path:sao02010
sao:SAOUHSC_01947	path:sao02010
sao:SAOUHSC_01948	path:sao02010
sao:SAOUHSC_01990	path:sao02010
sao:SAOUHSC_01991	path:sao02010
sao:SAOUHSC_02008	path:sao02010
sao:SAOUHSC_02009	path:sao02010
sao:SAOUHSC_02427	path:sao02010
sao:SAOUHSC_02428	path:sao02010
sao:SAOUHSC_02430	path:sao02010
sao:SAOUHSC_02481	path:sao02010
sao:SAOUHSC_02482	path:sao02010
sao:SAOUHSC_02483	path:sao02010
sao:SAOUHSC_02546	path:sao02010
sao:SAOUHSC_02547	path:sao02010
sao:SAOUHSC_02549	path:sao02010
sao:SAOUHSC_02552	path:sao02010
sao:SAOUHSC_02640	path:sao02010
sao:SAOUHSC_02641	path:sao02010
sao:SAOUHSC_02690	path:sao02010
sao:SAOUHSC_02697	path:sao02010
sao:SAOUHSC_02698	path:sao02010
sao:SAOUHSC_02699	path:sao02010
sao:SAOUHSC_02718	path:sao02010
sao:SAOUHSC_02719	path:sao02010
sao:SAOUHSC_02741	path:sao02010
sao:SAOUHSC_02742	path:sao02010
sao:SAOUHSC_02743	path:sao02010
sao:SAOUHSC_02744	path:sao02010
sao:SAOUHSC_02763	path:sao02010
sao:SAOUHSC_02764	path:sao02010
sao:SAOUHSC_02765	path:sao02010
sao:SAOUHSC_02766	path:sao02010
sao:SAOUHSC_02767	path:sao02010
sao:SAOUHSC_02832	path:sao02010
sao:SAOUHSC_02833	path:sao02010
sao:SAOUHSC_02953	path:sao02010
sao:SAOUHSC_02954	path:sao02010
sao:SAOUHSC_03018	path:sao02010
sao:SAOUHSC_03036	path:sao02010
sao:SAOUHSC_03037	path:sao02010
sao:SAOUHSC_00001	path:sao02020
sao:SAOUHSC_00020	path:sao02020
sao:SAOUHSC_00021	path:sao02020
sao:SAOUHSC_00128	path:sao02020
sao:SAOUHSC_00129	path:sao02020
sao:SAOUHSC_00183	path:sao02020
sao:SAOUHSC_00184	path:sao02020
sao:SAOUHSC_00185	path:sao02020
sao:SAOUHSC_00186	path:sao02020
sao:SAOUHSC_00230	path:sao02020
sao:SAOUHSC_00231	path:sao02020
sao:SAOUHSC_00232	path:sao02020
sao:SAOUHSC_00233	path:sao02020
sao:SAOUHSC_00336	path:sao02020
sao:SAOUHSC_00558	path:sao02020
sao:SAOUHSC_00665	path:sao02020
sao:SAOUHSC_00666	path:sao02020
sao:SAOUHSC_00667	path:sao02020
sao:SAOUHSC_00668	path:sao02020
sao:SAOUHSC_00714	path:sao02020
sao:SAOUHSC_00715	path:sao02020
sao:SAOUHSC_00869	path:sao02020
sao:SAOUHSC_00870	path:sao02020
sao:SAOUHSC_00871	path:sao02020
sao:SAOUHSC_00872	path:sao02020
sao:SAOUHSC_00890	path:sao02020
sao:SAOUHSC_01031	path:sao02020
sao:SAOUHSC_01032	path:sao02020
sao:SAOUHSC_01065	path:sao02020
sao:SAOUHSC_01287	path:sao02020
sao:SAOUHSC_01313	path:sao02020
sao:SAOUHSC_01314	path:sao02020
sao:SAOUHSC_01359	path:sao02020
sao:SAOUHSC_01389	path:sao02020
sao:SAOUHSC_01419	path:sao02020
sao:SAOUHSC_01420	path:sao02020
sao:SAOUHSC_01585	path:sao02020
sao:SAOUHSC_01586	path:sao02020
sao:SAOUHSC_01799	path:sao02020
sao:SAOUHSC_01800	path:sao02020
sao:SAOUHSC_01810	path:sao02020
sao:SAOUHSC_01838	path:sao02020
sao:SAOUHSC_01945	path:sao02020
sao:SAOUHSC_01947	path:sao02020
sao:SAOUHSC_01948	path:sao02020
sao:SAOUHSC_01949	path:sao02020
sao:SAOUHSC_01951	path:sao02020
sao:SAOUHSC_01952	path:sao02020
sao:SAOUHSC_01953	path:sao02020
sao:SAOUHSC_02095	path:sao02020
sao:SAOUHSC_02098	path:sao02020
sao:SAOUHSC_02099	path:sao02020
sao:SAOUHSC_02261	path:sao02020
sao:SAOUHSC_02262	path:sao02020
sao:SAOUHSC_02264	path:sao02020
sao:SAOUHSC_02265	path:sao02020
sao:SAOUHSC_02310	path:sao02020
sao:SAOUHSC_02311	path:sao02020
sao:SAOUHSC_02312	path:sao02020
sao:SAOUHSC_02313	path:sao02020
sao:SAOUHSC_02314	path:sao02020
sao:SAOUHSC_02315	path:sao02020
sao:SAOUHSC_02352	path:sao02020
sao:SAOUHSC_02671	path:sao02020
sao:SAOUHSC_02675	path:sao02020
sao:SAOUHSC_02676	path:sao02020
sao:SAOUHSC_02677	path:sao02020
sao:SAOUHSC_02678	path:sao02020
sao:SAOUHSC_02679	path:sao02020
sao:SAOUHSC_02680	path:sao02020
sao:SAOUHSC_02681	path:sao02020
sao:SAOUHSC_02953	path:sao02020
sao:SAOUHSC_02954	path:sao02020
sao:SAOUHSC_02955	path:sao02020
sao:SAOUHSC_02956	path:sao02020
sao:SAOUHSC_02958	path:sao02020
sao:SAOUHSC_03036	path:sao02020
sao:SAOUHSC_03037	path:sao02020
sao:SAOUHSC_00167	path:sao02024
sao:SAOUHSC_00168	path:sao02024
sao:SAOUHSC_00169	path:sao02024
sao:SAOUHSC_00170	path:sao02024
sao:SAOUHSC_00198	path:sao02024
sao:SAOUHSC_00201	path:sao02024
sao:SAOUHSC_00516	path:sao02024
sao:SAOUHSC_00621	path:sao02024
sao:SAOUHSC_00769	path:sao02024
sao:SAOUHSC_00801	path:sao02024
sao:SAOUHSC_00923	path:sao02024
sao:SAOUHSC_00924	path:sao02024
sao:SAOUHSC_00925	path:sao02024
sao:SAOUHSC_00926	path:sao02024
sao:SAOUHSC_00927	path:sao02024
sao:SAOUHSC_00928	path:sao02024
sao:SAOUHSC_00929	path:sao02024
sao:SAOUHSC_00930	path:sao02024
sao:SAOUHSC_00931	path:sao02024
sao:SAOUHSC_00932	path:sao02024
sao:SAOUHSC_00961	path:sao02024
sao:SAOUHSC_00988	path:sao02024
sao:SAOUHSC_01135	path:sao02024
sao:SAOUHSC_01136	path:sao02024
sao:SAOUHSC_01205	path:sao02024
sao:SAOUHSC_01207	path:sao02024
sao:SAOUHSC_01281	path:sao02024
sao:SAOUHSC_01366	path:sao02024
sao:SAOUHSC_01367	path:sao02024
sao:SAOUHSC_01377	path:sao02024
sao:SAOUHSC_01378	path:sao02024
sao:SAOUHSC_01379	path:sao02024
sao:SAOUHSC_01380	path:sao02024
sao:SAOUHSC_01746	path:sao02024
sao:SAOUHSC_01747	path:sao02024
sao:SAOUHSC_01879	path:sao02024
sao:SAOUHSC_01889	path:sao02024
sao:SAOUHSC_01935	path:sao02024
sao:SAOUHSC_01936	path:sao02024
sao:SAOUHSC_01938	path:sao02024
sao:SAOUHSC_01942	path:sao02024
sao:SAOUHSC_01945	path:sao02024
sao:SAOUHSC_01947	path:sao02024
sao:SAOUHSC_01948	path:sao02024
sao:SAOUHSC_01949	path:sao02024
sao:SAOUHSC_01951	path:sao02024
sao:SAOUHSC_01952	path:sao02024
sao:SAOUHSC_01953	path:sao02024
sao:SAOUHSC_02260	path:sao02024
sao:SAOUHSC_02261	path:sao02024
sao:SAOUHSC_02262	path:sao02024
sao:SAOUHSC_02264	path:sao02024
sao:SAOUHSC_02265	path:sao02024
sao:SAOUHSC_02315	path:sao02024
sao:SAOUHSC_02327	path:sao02024
sao:SAOUHSC_02375	path:sao02024
sao:SAOUHSC_02452	path:sao02024
sao:SAOUHSC_02491	path:sao02024
sao:SAOUHSC_02985	path:sao02024
sao:SAOUHSC_02989	path:sao02024
sao:SAOUHSC_01662	path:sao02040
sao:SAOUHSC_02699	path:sao02040
sao:SAOUHSC_00155	path:sao02060
sao:SAOUHSC_00158	path:sao02060
sao:SAOUHSC_00209	path:sao02060
sao:SAOUHSC_00214	path:sao02060
sao:SAOUHSC_00215	path:sao02060
sao:SAOUHSC_00216	path:sao02060
sao:SAOUHSC_00310	path:sao02060
sao:SAOUHSC_00311	path:sao02060
sao:SAOUHSC_00312	path:sao02060
sao:SAOUHSC_00437	path:sao02060
sao:SAOUHSC_00707	path:sao02060
sao:SAOUHSC_00708	path:sao02060
sao:SAOUHSC_01028	path:sao02060
sao:SAOUHSC_01029	path:sao02060
sao:SAOUHSC_01430	path:sao02060
sao:SAOUHSC_01836	path:sao02060
sao:SAOUHSC_02400	path:sao02060
sao:SAOUHSC_02402	path:sao02060
sao:SAOUHSC_02450	path:sao02060
sao:SAOUHSC_02451	path:sao02060
sao:SAOUHSC_02597	path:sao02060
sao:SAOUHSC_02661	path:sao02060
sao:SAOUHSC_02848	path:sao02060
sao:SAOUHSC_02975	path:sao02060
sao:SAOUHSC_00017	path:sao03010
sao:SAOUHSC_00348	path:sao03010
sao:SAOUHSC_00350	path:sao03010
sao:SAOUHSC_00474	path:sao03010
sao:SAOUHSC_00518	path:sao03010
sao:SAOUHSC_00519	path:sao03010
sao:SAOUHSC_00520	path:sao03010
sao:SAOUHSC_00521	path:sao03010
sao:SAOUHSC_00526	path:sao03010
sao:SAOUHSC_00527	path:sao03010
sao:SAOUHSC_00528	path:sao03010
sao:SAOUHSC_01191	path:sao03010
sao:SAOUHSC_01208	path:sao03010
sao:SAOUHSC_01211	path:sao03010
sao:SAOUHSC_01250	path:sao03010
sao:SAOUHSC_01328	path:sao03010
sao:SAOUHSC_01329	path:sao03010
sao:SAOUHSC_01493	path:sao03010
sao:SAOUHSC_01651	path:sao03010
sao:SAOUHSC_01678	path:sao03010
sao:SAOUHSC_01689	path:sao03010
sao:SAOUHSC_01755	path:sao03010
sao:SAOUHSC_01757	path:sao03010
sao:SAOUHSC_01784	path:sao03010
sao:SAOUHSC_01785	path:sao03010
sao:SAOUHSC_01829	path:sao03010
sao:SAOUHSC_02361	path:sao03010
sao:SAOUHSC_02477	path:sao03010
sao:SAOUHSC_02478	path:sao03010
sao:SAOUHSC_02484	path:sao03010
sao:SAOUHSC_02486	path:sao03010
sao:SAOUHSC_02487	path:sao03010
sao:SAOUHSC_02488	path:sao03010
sao:SAOUHSC_02492	path:sao03010
sao:SAOUHSC_02493	path:sao03010
sao:SAOUHSC_02494	path:sao03010
sao:SAOUHSC_02495	path:sao03010
sao:SAOUHSC_02496	path:sao03010
sao:SAOUHSC_02498	path:sao03010
sao:SAOUHSC_02499	path:sao03010
sao:SAOUHSC_02500	path:sao03010
sao:SAOUHSC_02501	path:sao03010
sao:SAOUHSC_02502	path:sao03010
sao:SAOUHSC_02503	path:sao03010
sao:SAOUHSC_02504	path:sao03010
sao:SAOUHSC_02505	path:sao03010
sao:SAOUHSC_02506	path:sao03010
sao:SAOUHSC_02507	path:sao03010
sao:SAOUHSC_02508	path:sao03010
sao:SAOUHSC_02509	path:sao03010
sao:SAOUHSC_02510	path:sao03010
sao:SAOUHSC_02511	path:sao03010
sao:SAOUHSC_02512	path:sao03010
sao:SAOUHSC_02512a	path:sao03010
sao:SAOUHSC_03055	path:sao03010
sao:SAOUHSC_R0001	path:sao03010
sao:SAOUHSC_R00010	path:sao03010
sao:SAOUHSC_R00011	path:sao03010
sao:SAOUHSC_R00012	path:sao03010
sao:SAOUHSC_R00013	path:sao03010
sao:SAOUHSC_R00014	path:sao03010
sao:SAOUHSC_R00015	path:sao03010
sao:SAOUHSC_R00016	path:sao03010
sao:SAOUHSC_R0002	path:sao03010
sao:SAOUHSC_R0003	path:sao03010
sao:SAOUHSC_R0004	path:sao03010
sao:SAOUHSC_R0005	path:sao03010
sao:SAOUHSC_R0006	path:sao03010
sao:SAOUHSC_R0007	path:sao03010
sao:SAOUHSC_R0008	path:sao03010
sao:SAOUHSC_R0009	path:sao03010
sao:SAOUHSC_00730	path:sao03018
sao:SAOUHSC_00799	path:sao03018
sao:SAOUHSC_00803	path:sao03018
sao:SAOUHSC_01035	path:sao03018
sao:SAOUHSC_01251	path:sao03018
sao:SAOUHSC_01252	path:sao03018
sao:SAOUHSC_01263	path:sao03018
sao:SAOUHSC_01281	path:sao03018
sao:SAOUHSC_01502	path:sao03018
sao:SAOUHSC_01683	path:sao03018
sao:SAOUHSC_01807	path:sao03018
sao:SAOUHSC_02254	path:sao03018
sao:SAOUHSC_02316	path:sao03018
sao:SAOUHSC_02362	path:sao03018
sao:SAOUHSC_00524	path:sao03020
sao:SAOUHSC_00525	path:sao03020
sao:SAOUHSC_01177	path:sao03020
sao:SAOUHSC_02369	path:sao03020
sao:SAOUHSC_02485	path:sao03020
sao:SAOUHSC_00002	path:sao03030
sao:SAOUHSC_00018	path:sao03030
sao:SAOUHSC_00349	path:sao03030
sao:SAOUHSC_00442	path:sao03030
sao:SAOUHSC_00454	path:sao03030
sao:SAOUHSC_01095	path:sao03030
sao:SAOUHSC_01215	path:sao03030
sao:SAOUHSC_01241	path:sao03030
sao:SAOUHSC_01443	path:sao03030
sao:SAOUHSC_01663	path:sao03030
sao:SAOUHSC_01690	path:sao03030
sao:SAOUHSC_01797	path:sao03030
sao:SAOUHSC_01811	path:sao03030
sao:SAOUHSC_02110	path:sao03030
sao:SAOUHSC_02122	path:sao03030
sao:SAOUHSC_02334	path:sao03030
sao:SAOUHSC_00328	path:sao03060
sao:SAOUHSC_00329	path:sao03060
sao:SAOUHSC_00516	path:sao03060
sao:SAOUHSC_00769	path:sao03060
sao:SAOUHSC_00801	path:sao03060
sao:SAOUHSC_00902	path:sao03060
sao:SAOUHSC_00903	path:sao03060
sao:SAOUHSC_01162	path:sao03060
sao:SAOUHSC_01205	path:sao03060
sao:SAOUHSC_01207	path:sao03060
sao:SAOUHSC_01746	path:sao03060
sao:SAOUHSC_01747	path:sao03060
sao:SAOUHSC_02327	path:sao03060
sao:SAOUHSC_02491	path:sao03060
sao:SAOUHSC_02985	path:sao03060
sao:SAOUHSC_02989	path:sao03060
sao:SAOUHSC_00328	path:sao03070
sao:SAOUHSC_00329	path:sao03070
sao:SAOUHSC_00516	path:sao03070
sao:SAOUHSC_00769	path:sao03070
sao:SAOUHSC_00801	path:sao03070
sao:SAOUHSC_01205	path:sao03070
sao:SAOUHSC_01207	path:sao03070
sao:SAOUHSC_01746	path:sao03070
sao:SAOUHSC_01747	path:sao03070
sao:SAOUHSC_02327	path:sao03070
sao:SAOUHSC_02491	path:sao03070
sao:SAOUHSC_02985	path:sao03070
sao:SAOUHSC_02989	path:sao03070
sao:SAOUHSC_00564	path:sao03410
sao:SAOUHSC_01469	path:sao03410
sao:SAOUHSC_01658	path:sao03410
sao:SAOUHSC_01744	path:sao03410
sao:SAOUHSC_01768	path:sao03410
sao:SAOUHSC_01796	path:sao03410
sao:SAOUHSC_01797	path:sao03410
sao:SAOUHSC_02005	path:sao03410
sao:SAOUHSC_02122	path:sao03410
sao:SAOUHSC_02621	path:sao03410
sao:SAOUHSC_00477	path:sao03420
sao:SAOUHSC_00776	path:sao03420
sao:SAOUHSC_00779	path:sao03420
sao:SAOUHSC_00780	path:sao03420
sao:SAOUHSC_01102	path:sao03420
sao:SAOUHSC_01797	path:sao03420
sao:SAOUHSC_02122	path:sao03420
sao:SAOUHSC_02123	path:sao03420
sao:SAOUHSC_00002	path:sao03430
sao:SAOUHSC_00349	path:sao03430
sao:SAOUHSC_00442	path:sao03430
sao:SAOUHSC_00454	path:sao03430
sao:SAOUHSC_01099	path:sao03430
sao:SAOUHSC_01241	path:sao03430
sao:SAOUHSC_01272	path:sao03430
sao:SAOUHSC_01273	path:sao03430
sao:SAOUHSC_01619	path:sao03430
sao:SAOUHSC_01620	path:sao03430
sao:SAOUHSC_01690	path:sao03430
sao:SAOUHSC_01744	path:sao03430
sao:SAOUHSC_01811	path:sao03430
sao:SAOUHSC_02110	path:sao03430
sao:SAOUHSC_02122	path:sao03430
sao:SAOUHSC_02123	path:sao03430
sao:SAOUHSC_02334	path:sao03430
sao:SAOUHSC_00002	path:sao03440
sao:SAOUHSC_00004	path:sao03440
sao:SAOUHSC_00349	path:sao03440
sao:SAOUHSC_00442	path:sao03440
sao:SAOUHSC_00445	path:sao03440
sao:SAOUHSC_00454	path:sao03440
sao:SAOUHSC_01179	path:sao03440
sao:SAOUHSC_01194	path:sao03440
sao:SAOUHSC_01241	path:sao03440
sao:SAOUHSC_01262	path:sao03440
sao:SAOUHSC_01667	path:sao03440
sao:SAOUHSC_01690	path:sao03440
sao:SAOUHSC_01723	path:sao03440
sao:SAOUHSC_01744	path:sao03440
sao:SAOUHSC_01750	path:sao03440
sao:SAOUHSC_01751	path:sao03440
sao:SAOUHSC_01797	path:sao03440
sao:SAOUHSC_01811	path:sao03440
sao:SAOUHSC_02110	path:sao03440
sao:SAOUHSC_02334	path:sao03440
sao:SAOUHSC_01727	path:sao04122
sao:SAOUHSC_01824	path:sao04122
sao:SAOUHSC_01825	path:sao04122
sao:SAOUHSC_02536	path:sao04122
sao:SAOUHSC_02538	path:sao04122
sao:SAOUHSC_02540	path:sao04122
sao:SAOUHSC_02543	path:sao04122
sao:SAOUHSC_02544	path:sao04122
sao:SAOUHSC_02545	path:sao04122
sao:SAOUHSC_00093	path:sao04146
sao:SAOUHSC_00198	path:sao04146
sao:SAOUHSC_00577	path:sao04146
sao:SAOUHSC_01327	path:sao04146
sao:SAOUHSC_01653	path:sao04146
sao:SAOUHSC_01801	path:sao04146
sao:SAOUHSC_01434	path:sao04981
sao:SAOUHSC_01435	path:sao04981
sao:SAOUHSC_01650	path:sao04981
sao:SAOUHSC_02354	path:sao04981
sao:SAOUHSC_02802	path:sao05100
sao:SAOUHSC_02803	path:sao05100
sao:SAOUHSC_00069	path:sao05150
sao:SAOUHSC_00191	path:sao05150
sao:SAOUHSC_00390	path:sao05150
sao:SAOUHSC_00391	path:sao05150
sao:SAOUHSC_00392	path:sao05150
sao:SAOUHSC_00399	path:sao05150
sao:SAOUHSC_00544	path:sao05150
sao:SAOUHSC_00545	path:sao05150
sao:SAOUHSC_00667	path:sao05150
sao:SAOUHSC_00668	path:sao05150
sao:SAOUHSC_00812	path:sao05150
sao:SAOUHSC_00869	path:sao05150
sao:SAOUHSC_00870	path:sao05150
sao:SAOUHSC_00871	path:sao05150
sao:SAOUHSC_00872	path:sao05150
sao:SAOUHSC_01081	path:sao05150
sao:SAOUHSC_01112	path:sao05150
sao:SAOUHSC_01114	path:sao05150
sao:SAOUHSC_01115	path:sao05150
sao:SAOUHSC_01133	path:sao05150
sao:SAOUHSC_01359	path:sao05150
sao:SAOUHSC_01705	path:sao05150
sao:SAOUHSC_01954	path:sao05150
sao:SAOUHSC_01955	path:sao05150
sao:SAOUHSC_02161	path:sao05150
sao:SAOUHSC_02167	path:sao05150
sao:SAOUHSC_02169	path:sao05150
sao:SAOUHSC_02171	path:sao05150
sao:SAOUHSC_02241	path:sao05150
sao:SAOUHSC_02243	path:sao05150
sao:SAOUHSC_02706	path:sao05150
sao:SAOUHSC_02708	path:sao05150
sao:SAOUHSC_02709	path:sao05150
sao:SAOUHSC_02710	path:sao05150
sao:SAOUHSC_02798	path:sao05150
sao:SAOUHSC_02963	path:sao05150
sao:SAOUHSC_02971	path:sao05150
